Item Code,Item Description,Category,Price,Image Filename
111143,PREMIUM ITALIAN WRAPPED PISTACHIO CAKE KG,ITALIAN - WRAPPED,160,111143.jpg
111146,PREMIUM ITALIAN WRAPPED VANILLA CAKE KG,ITALIAN - WRAPPED,160,111146.jpg
111151,PREMIUM ITALIAN WRAPPED CIGAR NUTELLA KG,ITALIAN - WRAPPED,160,111151.jpg
112683,PREMIUM ITALIAN WRAPPED DARK CIGAR NUTELLA KG,ITALIAN - WRAPPED,160,112683.jpg
114082,PREMIUM ITALIAN WRAPPED SMALL FINGER CIGAR NUTELLA KG,ITALIAN - WRAPPED,160,114082.jpg
111153,PREMIUM ITALIAN WRAPPED CIGAR COCONUT KG,ITALIAN - WRAPPED,160,111153.jpg
111154,PREMIUM ITALIAN WRAPPED FINGER CIGAR ALMOND KG,ITALIAN - WRAPPED,160,111154.jpg
111155,PREMIUM ITALIAN WRAPPED FINGER CIGAR LOTUS KG,ITALIAN - WRAPPED,160,111155.jpg
111156,PREMIUM ITALIAN WRAPPED FINGER CIGAR HAZELNUT KG,ITALIAN - WRAPPED,160,111156.jpg
111157,PREMIUM ITALIAN WRAPPED FINGER CIGAR NUTELLA KG,ITALIAN - WRAPPED,160,111157.jpg
111158,PREMIUM ITALIAN WRAPPED FINGER CIGAR PISTACHIO KG,ITALIAN - WRAPPED,160,111158.jpg
111163,PREMIUM ITALIAN WRAPPED ALMOND DATES KG,ITALIAN - WRAPPED,160,111163.jpg
111167,PREMIUM ITALIAN WRAPPED PISTACHIO DATES KG,ITALIAN - WRAPPED,160,111167.jpg
111174,PREMIUM ITALIAN WRAPPED PISTACHIO KG,ITALIAN - WRAPPED,160,111174.png
111177,PREMIUM ITALIAN WRAPPED CRUNCHY WAFER KG,ITALIAN - WRAPPED,160,111177.png
111178,PREMIUM ITALIAN WRAPPED MINI WAFER  KG,ITALIAN - WRAPPED,160,111178.jpg
111185,PREMIUM ITALIAN WRAPPED HAZELNUT NOUGA KG,ITALIAN - WRAPPED,160,111185.jpg
111190,PREMIUM ITALIAN WRAPPED TRIANGLE ALMOND KG,ITALIAN - WRAPPED,160,111190.png
111193,PREMIUM ITALIAN WRAPPED BAKLAWA KG,ITALIAN - WRAPPED,160,111193.jpg
113373,PREMIUM ITALIAN WRAPPED CASHEW BAKLAWA KG,ITALIAN - WRAPPED,160,113373.jpg
111195,PREMIUM ITALIAN WRAPPED SNICKERS KG,ITALIAN - WRAPPED,160,111195.png
111196,PREMIUM ITALIAN WRAPPED BROWNIES PEACAN KG,ITALIAN - WRAPPED,160,111196.png
111197,PREMIUM ITALIAN WRAPPED PRALINE KG,ITALIAN - WRAPPED,160,111197.jpg
111204,PREMIUM ITALIAN WRAPPED HAL CHOCOLATE KG,ITALIAN - WRAPPED,160,111204.png
111164,PREMIUM ITALIAN WRAPPED HAZELNUT DATES KG,ITALIAN - WRAPPED,160,111164.jpg
111169,PREMIUM ITALIAN WRAPPED ZAFRAN PISTACHIO KG,ITALIAN - WRAPPED,160,111169.jpg
111181,PREMIUM ITALIAN WRAPPED ALMOND NOUGA KG,ITALIAN - WRAPPED,160,111181.jpg
111180,PREMIUM ITALIAN WRAPPED ALMOND PRALINE KG,ITALIAN - WRAPPED,160,111180.jpg
111179,PREMIUM ITALIAN WRAPPED ALMOND RUCHE KG,ITALIAN - WRAPPED,160,111179.jpg
111183,PREMIUM ITALIAN WRAPPED ALMOND WAFER KG,ITALIAN - WRAPPED,160,111183.jpg
111182,PREMIUM ITALIAN WRAPPED ALMOND ZAFRAN  KG,ITALIAN - WRAPPED,160,111182.jpg
111200,PREMIUM ITALIAN WRAPPED BIG OREO KG,ITALIAN - WRAPPED,160,111200.jpg
111205,PREMIUM ITALIAN WRAPPED BISCUIT CUP NUTELLA KG,ITALIAN - WRAPPED,160,111205.jpg
112977,PREMIUM ITALIAN WRAPPED BISCUIT CUP KUNAFA PISTACHIO  KG,ITALIAN - WRAPPED,160,112977.jpg
111201,PREMIUM ITALIAN WRAPPED CHEESE CAKE KG,ITALIAN - WRAPPED,160,111201.jpg
111995,PREMIUM ITALIAN WRAPPED CHEESE CARAMEL KG,ITALIAN - WRAPPED,160,111995.jpg
111147,PREMIUM ITALIAN WRAPPED CHOCOLA CAKE KG,ITALIAN - WRAPPED,160,111147.jpg
111996,PREMIUM ITALIAN WRAPPED CHOCOLATE WAFFLE KG,ITALIAN - WRAPPED,160,111996.jpg
113359,PREMIUM ITALIAN WRAPPED CHOCOLATE WAFFLE CARAMEL KG,ITALIAN - WRAPPED,160,113359.jpg
113360,PREMIUM ITALIAN WRAPPED WHITE CHOCOLATE WAFFLE KG,ITALIAN - WRAPPED,160,113360.jpg
111149,PREMIUM ITALIAN WRAPPED CIGAR KG,ITALIAN - WRAPPED,160,111149.jpg
111150,PREMIUM ITALIAN WRAPPED CIGAR LOTUS KG,ITALIAN - WRAPPED,160,111150.jpg
111152,PREMIUM ITALIAN WRAPPED CIGAR PISTACHIO KG,ITALIAN - WRAPPED,160,111152.jpg
111192,PREMIUM ITALIAN WRAPPED COFFEE LATTE KG,ITALIAN - WRAPPED,160,111192.jpg
112685,PREMIUM ITALIAN WRAPPED DARK COFFEE LATTE KG,ITALIAN - WRAPPED,160,112685.jpg
111203,PREMIUM ITALIAN WRAPPED CRISPY KG,ITALIAN - WRAPPED,160,111203.jpg
112686,PREMIUM ITALIAN WRAPPED DARK CRISPY KG,ITALIAN - WRAPPED,160,112686.jpg
111997,PREMIUM ITALIAN WRAPPED CRUNCHY NUTELLA KG,ITALIAN - WRAPPED,160,111997.jpg
112684,PREMIUM ITALIAN WRAPPED DARK CRUNCHY NUTELLA KG,ITALIAN - WRAPPED,160,112684.jpg
111998,PREMIUM ITALIAN WRAPPED CRUNCHY WAFER2 KG,ITALIAN - WRAPPED,160,111998.jpg
111999,PREMIUM ITALIAN WRAPPED CUP SAFFRON KG,ITALIAN - WRAPPED,160,111999.jpg
112000,PREMIUM ITALIAN WRAPPED DARK FINGER RAHASH KG,ITALIAN - WRAPPED,160,112000.jpg
112001,PREMIUM ITALIAN WRAPPED DARK ORANGE KG,ITALIAN - WRAPPED,160,112001.jpg
111175,PREMIUM ITALIAN WRAPPED DARK WAFER KG,ITALIAN - WRAPPED,160,111175.jpg
112002,PREMIUM ITALIAN WRAPPED DIET HAZELNUT KG,ITALIAN - WRAPPED,160,112002.jpg
113640,PREMIUM ITALIAN WRAPPED DIET HAZELNUT NUTS KG,ITALIAN - WRAPPED,160,113640.jpg
112003,PREMIUM ITALIAN WRAPPED DIET PISTACHIO NUTS WITH CREAM KG,ITALIAN - WRAPPED,160,112003.jpg
112625,PREMIUM ITALIAN WRAPPED DIET PISTACHIO NUTS W/O CREAM KG,ITALIAN - WRAPPED,160,112625.jpg
111161,PREMIUM ITALIAN WRAPPED DOME HAZELNUT CREAM KG,ITALIAN - WRAPPED,180,111161.jpg
111162,PREMIUM ITALIAN WRAPPED DOME PISTACHIO CREAM KG,ITALIAN - WRAPPED,180,111162.jpg
111198,PREMIUM ITALIAN WRAPPED FERRERO KG,ITALIAN - WRAPPED,160,111198.jpg
111159,PREMIUM ITALIAN WRAPPED FINGER RAHASH KG,ITALIAN - WRAPPED,160,111159.jpg
111186,PREMIUM ITALIAN WRAPPED HAZELNUT DARK KG,ITALIAN - WRAPPED,160,111186.jpg
111184,PREMIUM ITALIAN WRAPPED HAZELNUT KG,ITALIAN - WRAPPED,160,111184.jpg
111188,PREMIUM ITALIAN WRAPPED HAZELNUT RUCHE KG,ITALIAN - WRAPPED,160,111188.jpg
113509,PREMIUM ITALIAN WRAPPED RUCHE BISCUIT HAZELNUT DARK KG,ITALIAN - WRAPPED,160,113509.jpg
111187,PREMIUM ITALIAN WRAPPED HAZELNUT WAFER KG,ITALIAN - WRAPPED,160,111187.jpg
111171,PREMIUM ITALIAN WRAPPED HONEY PISTACHIO  KG,ITALIAN - WRAPPED,160,111171.jpg
112004,PREMIUM ITALIAN WRAPPED KROKAN ALMOND KG,ITALIAN - WRAPPED,160,112004.jpg
113351,PREMIUM ITALIAN WRAPPED KROKAN PISTACHIO KG,ITALIAN - WRAPPED,160,113351.jpg
114077,PREMIUM ITALIAN WRAPPED KROKAN ALMOND WITH PRALINE DELICRISP FILLING KG,ITALIAN - WRAPPED,160,114077.jpg
111199,PREMIUM ITALIAN WRAPPED LION BAR KG,ITALIAN - WRAPPED,160,111199.jpg
111194,PREMIUM ITALIAN WRAPPED LOTUS KG,ITALIAN - WRAPPED,160,111194.jpg
112005,PREMIUM ITALIAN WRAPPED MARS KG,ITALIAN - WRAPPED,160,112005.jpg
112006,PREMIUM ITALIAN WRAPPED MILK HAZELNUT NUTS KG,ITALIAN - WRAPPED,160,112006.jpg
111170,PREMIUM ITALIAN WRAPPED NEW PISTACHIO KG,ITALIAN - WRAPPED,160,111170.jpg
112007,PREMIUM ITALIAN WRAPPED DARK PISTACHIO NUTS KG,ITALIAN - WRAPPED,160,112007.jpg
112008,PREMIUM ITALIAN WRAPPED PECAN CARAMEL KG,ITALIAN - WRAPPED,160,112008.jpg
112009,PREMIUM ITALIAN WRAPPED PECAN MINI BAR KG,ITALIAN - WRAPPED,160,112009.jpg
111173,PREMIUM ITALIAN WRAPPED PISTACHIO DARK KG,ITALIAN - WRAPPED,160,111173.jpg
111160,PREMIUM ITALIAN WRAPPED RAHASH KG,ITALIAN - WRAPPED,160,111160.jpg
111144,PREMIUM ITALIAN WRAPPED RED VELVET CLEAR WRAP CAKE KG,ITALIAN - WRAPPED,160,111144.jpg
112010,PREMIUM ITALIAN WRAPPED RUCHE ALMOND SLICE KG,ITALIAN - WRAPPED,160,112010.jpg
112011,PREMIUM ITALIAN WRAPPED RUCHE ALMOND STICK KG,ITALIAN - WRAPPED,160,112011.jpg
112012,PREMIUM ITALIAN WRAPPED SESAME PISTACHIO KG,ITALIAN - WRAPPED,160,112012.jpg
111165,PREMIUM ITALIAN WRAPPED TOFFEE CARAMEL  KG,ITALIAN - WRAPPED,160,111165.jpg
111191,PREMIUM ITALIAN WRAPPED TRIANGLE  KG,ITALIAN - WRAPPED,160,111191.jpg
111189,PREMIUM ITALIAN WRAPPED TRIANGLE HAZELNUT KG,ITALIAN - WRAPPED,160,111189.jpg
112013,PREMIUM ITALIAN WRAPPED WAFER KG,ITALIAN - WRAPPED,160,112013.jpg
111172,PREMIUM ITALIAN WRAPPED WAFER PISTACHIO  KG,ITALIAN - WRAPPED,160,111172.jpg
111202,PREMIUM ITALIAN WRAPPED WALNUT KG,ITALIAN - WRAPPED,160,111202.jpg
112014,PREMIUM ITALIAN WRAPPED WHITE WALNUT KG,ITALIAN - WRAPPED,160,112014.jpg
112289,PREMIUM ITALIAN WRAPPED CHIPS OMAN KG,ITALIAN - WRAPPED,160,112289.jpg
112290,PREMIUM ITALIAN WRAPPED MILK PISTACHIO NUTS KG,ITALIAN - WRAPPED,160,112290.jpg
114227,PREMIUM ITALIAN WRAPPED MILK ALMOND NUTS KG,ITALIAN - WRAPPED,160,114227.jpg
112291,PREMIUM ITALIAN WRAPPED CHEESE STRAWBERRY KG,ITALIAN - WRAPPED,160,112291.jpg
112353,PREMIUM ITALIAN WRAPPED PISTACHIO MACHIA KG,ITALIAN - WRAPPED,160,112353.jpg
100900,PREMIUM ITALIAN WRAPPED KUNAFA KG,FINI- CHOCOLATE,160,100900.jpg
112676,PREMIUM ITALIAN WRAPPED TAMRYA PISTACHIO KG,ITALIAN - WRAPPED,160,112676.jpg
112677,PREMIUM ITALIAN WRAPPED TAMRYA TAHINA KG,ITALIAN - WRAPPED,160,112677.jpg
112678,PREMIUM ITALIAN WRAPPED TAMRYA LOTUS KG,ITALIAN - WRAPPED,160,112678.jpg
113327,PREMIUM ITALIAN WRAPPED MUHALABIYA KG,ITALIAN - WRAPPED,160,113327.jpg
113641,PREMIUM ITALIAN WRAPPED PRETZEL CARAMEL WITH MILK CHOCOLATE KG,ITALIAN - WRAPPED,160,113641.jpg
113453,PREMIUM ITALIAN WRAPPED SESAME KROKAN KG,ITALIAN - WRAPPED,160,113453.png
112354,PREMIUM ITALIAN WRAPPED CREPE CHOCO BISCUIT KG,ITALIAN - WRAPPED,160,112354.jpg
112408,PREMIUM ITALIAN WRAPPED DARK HAZELNUT NUTS KG,ITALIAN - WRAPPED,160,112408.jpg
112409,PREMIUM ITALIAN WRAPPED DARK ALMOND NUTS KG,ITALIAN - WRAPPED,160,112409.jpg
112867,PREMIUM ITALIAN WRAPPED DIET ALMOND NUTS KG,ITALIAN - WRAPPED,160,112867.jpg
112482,PREMIUM ITALIAN WRAPPED PECAN FIGS KG,ITALIAN - WRAPPED,160,112482.jpg
112679,PREMIUM ITALIAN WRAPPED WHITE FIGS AND WALNUT KG,ITALIAN - WRAPPED,160,112679.jpg
113554,PREMIUM ITALIAN WRAPPED PECAN KROKAN CARAMEL KG,ITALIAN - WRAPPED,160,113554.jpg
112509,PREMIUM ITALIAN WRAPPED HAZELNUT CARAMEL KG,ITALIAN - WRAPPED,160,112509.jpg
112528,PREMIUM ITALIAN WRAPPED TRUFFLE HAZELNUT KG,ITALIAN - WRAPPED,160,112528.jpg
112529,PREMIUM ITALIAN WRAPPED CRUNCHY COCONUT KG,ITALIAN - WRAPPED,160,112529.jpg
113299,PREMIUM ITALIAN WRAPPED CHOCOLATE WITH COCONUT KG,ITALIAN - WRAPPED,160,113299.jpg
113555,PREMIUM ITALIAN WRAPPED SESAME GOLD KG,ITALIAN - WRAPPED,160,113555.jpg
112579,PREMIUM ITALIAN WRAPPED CRUNCHY CREAM KG,ITALIAN - WRAPPED,160,112579.jpg
112537,PREMIUM ITALIAN WRAPPED DARK CIGAR PISTACHIO KG,ITALIAN - WRAPPED,160,112537.jpg
112556,PREMIUM ITALIAN WRAPPED PLAIN DATES CHOCO KG,ITALIAN - WRAPPED,160,112556.jpg
113778,PREMIUM ITALIAN OPEN BLUE PLAIN DATES CHOCO KG,ITALIAN - WRAPPED,160,113778.jpg
113248,PREMIUM ITALIAN WRAPPED DATES WITH PISTACHIO CORNFLAKES  KG,ITALIAN - WRAPPED,160,113248.jpg
112557,PREMIUM ITALIAN WRAPPED CARAMELIZED PECAN DATES KG,ITALIAN - WRAPPED,160,112557.jpg
112558,PREMIUM ITALIAN WRAPPED CRISPY LION BAR KG,ITALIAN - WRAPPED,160,112558.jpg
112561,PREMIUM ITALIAN WRAPPED NEW CRISPY KG,ITALIAN - WRAPPED,160,112561.jpg
112563,PREMIUM ITALIAN WRAPPED NORAN KG,ITALIAN - WRAPPED,160,112563.jpg
112564,PREMIUM ITALIAN WRAPPED RICE MISKHE KG,ITALIAN - WRAPPED,160,112564.jpg
112565,PREMIUM ITALIAN WRAPPED SWISS HAZELNUT KG,ITALIAN - WRAPPED,160,112565.jpg
100248,PREMIUM BELGIUM WRAPPED BROWN MINI EXTRA KG,FINI- CHOCOLATE,170,100248.jpg
108689,PREMIUM BELGIUM WRAPPED BROWN CHOCOLATE SPOON PC,FINI- CHOCOLATE,3.19,108689.jpg
110944,PREMIUM BELGIUM WRAPPED BROWN PISTACHIO KUNAFA KG,BELGIUM - WRAPPED,180,110944.jpg
111492,PREMIUM BELGIUM WRAPPED WHITE PISTACHIO KUNAFA KG,BELGIUM - WRAPPED,180,110944.jpg
111545,PREMIUM BELGIUM WRAPPED RED PISTACHIO KUNAFA KG,BELGIUM - WRAPPED,180,110944.jpg
111606,PREMIUM BELGIUM WRAPPED PINK PISTACHIO KUNAFA KG,BELGIUM - WRAPPED,180,110944.jpg
111666,PREMIUM BELGIUM WRAPPED GREEN PISTACHIO KUNAFA KG,BELGIUM - WRAPPED,180,110944.jpg
111363,PREMIUM BELGIUM OPEN BROWN PISTACHIO KUNAFA KG,BELGIUM - OPEN,180,110944.jpg
111324,PREMIUM BELGIUM OPEN WHITE PISTACHIO KUNAFA KG,BELGIUM - OPEN,180,110944.jpg
111828,PREMIUM BELGIUM OPEN RED PISTACHIO KUNAFA KG,BELGIUM - OPEN,180,110944.jpg
111953,PREMIUM BELGIUM OPEN PINK PISTACHIO KUNAFA KG,BELGIUM - OPEN,180,110944.jpg
111767,PREMIUM BELGIUM OPEN GREEN PISTACHIO KUNAFA KG,BELGIUM - OPEN,180,110944.jpg
111888,PREMIUM BELGIUM OPEN GOLD PISTACHIO KUNAFA KG,BELGIUM - OPEN,180,110944.jpg
111086,PREMIUM BELGIUM WRAPPED BROWN REGAL SQUARE PISTACHIO & MASTIC KG,BELGIUM - WRAPPED,135,111086.jpg
111523,PREMIUM BELGIUM WRAPPED WHITE REGAL SQUARE PISTACHIO & MASTIC KG,BELGIUM - WRAPPED,135,111086.jpg
111584,PREMIUM BELGIUM WRAPPED RED REGAL SQUARE PISTACHIO & MASTIC KG,BELGIUM - WRAPPED,135,111086.jpg
111644,PREMIUM BELGIUM WRAPPED PINK REGAL SQUARE PISTACHIO & MASTIC KG,BELGIUM - WRAPPED,135,111086.jpg
111705,PREMIUM BELGIUM WRAPPED GREEN REGAL SQUARE PISTACHIO & MASTIC KG,BELGIUM - WRAPPED,135,111086.jpg
111283,PREMIUM BELGIUM OPEN WHITE REGAL SQUARE PISTACHIO & MASTIC KG,BELGIUM - OPEN,130,111086.jpg
111774,PREMIUM BELGIUM OPEN RED REGAL SQUARE PISTACHIO & MASTIC KG,BELGIUM - OPEN,130,111086.jpg
111899,PREMIUM BELGIUM OPEN PINK REGAL SQUARE PISTACHIO & MASTIC KG,BELGIUM - OPEN,130,111086.jpg
111713,PREMIUM BELGIUM OPEN GREEN REGAL SQUARE PISTACHIO & MASTIC KG,BELGIUM - OPEN,130,111086.jpg
111835,PREMIUM BELGIUM OPEN GOLD REGAL SQUARE PISTACHIO & MASTIC KG,BELGIUM - OPEN,130,111086.jpg
111087,PREMIUM BELGIUM WRAPPED BROWN ROYAL SEAL NOUGAT & ALMONDS KG,BELGIUM - WRAPPED,135,111087.jpg
111526,PREMIUM BELGIUM WRAPPED WHITE ROYAL SEAL NOUGAT & ALMONDS KG,BELGIUM - WRAPPED,135,111087.jpg
111587,PREMIUM BELGIUM WRAPPED RED ROYAL SEAL NOUGAT & ALMONDS KG,BELGIUM - WRAPPED,135,111087.jpg
111647,PREMIUM BELGIUM WRAPPED PINK ROYAL SEAL NOUGAT & ALMONDS KG,BELGIUM - WRAPPED,135,111087.jpg
111708,PREMIUM BELGIUM WRAPPED GREEN ROYAL SEAL NOUGAT & ALMONDS KG,BELGIUM - WRAPPED,135,111087.jpg
111356,PREMIUM BELGIUM OPEN WHITE ROYAL SEAL NOUGAT & ALMONDS KG,BELGIUM - OPEN,130,111087.jpg
111775,PREMIUM BELGIUM OPEN RED ROYAL SEAL NOUGAT & ALMONDS KG,BELGIUM - OPEN,130,111087.jpg
111900,PREMIUM BELGIUM OPEN PINK ROYAL SEAL NOUGAT & ALMONDS KG,BELGIUM - OPEN,130,111087.jpg
111714,PREMIUM BELGIUM OPEN GREEN ROYAL SEAL NOUGAT & ALMONDS KG,BELGIUM - OPEN,130,111087.jpg
111836,PREMIUM BELGIUM OPEN GOLD ROYAL SEAL NOUGAT & ALMONDS KG,BELGIUM - OPEN,130,111087.jpg
111088,PREMIUM BELGIUM WRAPPED BROWN BLISS SQUARE GIANDUJA & CARAMEL & HAZELNUTS KG,BELGIUM - WRAPPED,135,111088.jpg
111485,PREMIUM BELGIUM WRAPPED WHITE BLISS SQUARE GIANDUJA & CARAMEL & HAZELNUTS KG,BELGIUM - WRAPPED,135,111088.jpg
111538,PREMIUM BELGIUM WRAPPED RED BLISS SQUARE GIANDUJA & CARAMEL & HAZELNUTS KG,BELGIUM - WRAPPED,135,111088.jpg
111599,PREMIUM BELGIUM WRAPPED PINK BLISS SQUARE GIANDUJA & CARAMEL & HAZELNUTS KG,BELGIUM - WRAPPED,135,111088.jpg
111659,PREMIUM BELGIUM WRAPPED GREEN BLISS SQUARE GIANDUJA & CARAMEL & HAZELNUTS KG,BELGIUM - WRAPPED,135,111088.jpg
111320,PREMIUM BELGIUM OPEN WHITE BLISS SQUARE GIANDUJA & CARAMEL & HAZELNUTS KG,BELGIUM - OPEN,130,111088.jpg
111776,PREMIUM BELGIUM OPEN RED BLISS SQUARE GIANDUJA & CARAMEL & HAZELNUTS KG,BELGIUM - OPEN,130,111088.jpg
111901,PREMIUM BELGIUM OPEN PINK BLISS SQUARE GIANDUJA & CARAMEL & HAZELNUTS KG,BELGIUM - OPEN,130,111088.jpg
111715,PREMIUM BELGIUM OPEN GREEN BLISS SQUARE GIANDUJA & CARAMEL & HAZELNUTS KG,BELGIUM - OPEN,130,111088.jpg
111837,PREMIUM BELGIUM OPEN GOLD BLISS SQUARE GIANDUJA & CARAMEL & HAZELNUTS KG,BELGIUM - OPEN,130,111088.jpg
111089,"PREMIUM BELGIUM WRAPPED BROWN PARIS HAZELNUT PRALINE & HONEY, CARAMEL & HAZELNUTS & COFFEE KG",BELGIUM - WRAPPED,135,111089.jpg
111518,"PREMIUM BELGIUM WRAPPED WHITE PARIS HAZELNUT PRALINE & HONEY, CARAMEL & HAZELNUTS & COFFEE KG",BELGIUM - WRAPPED,135,111089.jpg
111578,"PREMIUM BELGIUM WRAPPED RED PARIS HAZELNUT PRALINE & HONEY, CARAMEL & HAZELNUTS & COFFEE KG",BELGIUM - WRAPPED,135,111089.jpg
111638,"PREMIUM BELGIUM WRAPPED PINK PARIS HAZELNUT PRALINE & HONEY, CARAMEL & HAZELNUTS & COFFEE KG",BELGIUM - WRAPPED,135,111089.jpg
111699,"PREMIUM BELGIUM WRAPPED GREEN PARIS HAZELNUT PRALINE & HONEY, CARAMEL & HAZELNUTS & COFFEE KG",BELGIUM - WRAPPED,135,111089.jpg
111284,"PREMIUM BELGIUM OPEN WHITE PARIS HAZELNUT PRALINE & HONEY, CARAMEL & HAZELNUTS & COFFEE KG",BELGIUM - OPEN,130,111089.jpg
111777,"PREMIUM BELGIUM OPEN RED PARIS HAZELNUT PRALINE & HONEY, CARAMEL & HAZELNUTS & COFFEE KG",BELGIUM - OPEN,130,111089.jpg
111902,"PREMIUM BELGIUM OPEN PINK PARIS HAZELNUT PRALINE & HONEY, CARAMEL & HAZELNUTS & COFFEE KG",BELGIUM - OPEN,130,111089.jpg
111716,"PREMIUM BELGIUM OPEN GREEN PARIS HAZELNUT PRALINE & HONEY, CARAMEL & HAZELNUTS & COFFEE KG",BELGIUM - OPEN,130,111089.jpg
111838,"PREMIUM BELGIUM OPEN GOLD PARIS HAZELNUT PRALINE & HONEY, CARAMEL & HAZELNUTS & COFFEE KG",BELGIUM - OPEN,130,111089.jpg
111090,PREMIUM BELGIUM WRAPPED BROWN CHOCO MAP SAFFRON & PISTACHIO KG,BELGIUM - WRAPPED,135,111090.png
111493,PREMIUM BELGIUM WRAPPED WHITE CHOCO MAP SAFFRON & PISTACHIO KG,BELGIUM - WRAPPED,135,111090.png
111546,PREMIUM BELGIUM WRAPPED RED CHOCO MAP SAFFRON & PISTACHIO KG,BELGIUM - WRAPPED,135,111090.png
111607,PREMIUM BELGIUM WRAPPED PINK CHOCO MAP SAFFRON & PISTACHIO KG,BELGIUM - WRAPPED,135,111090.png
111667,PREMIUM BELGIUM WRAPPED GREEN CHOCO MAP SAFFRON & PISTACHIO KG,BELGIUM - WRAPPED,135,111090.png
111285,PREMIUM BELGIUM OPEN WHITE CHOCO MAP SAFFRON & PISTACHIO KG,BELGIUM - OPEN,130,111090.png
111778,PREMIUM BELGIUM OPEN RED CHOCO MAP SAFFRON & PISTACHIO KG,BELGIUM - OPEN,130,111090.png
111903,PREMIUM BELGIUM OPEN PINK CHOCO MAP SAFFRON & PISTACHIO KG,BELGIUM - OPEN,130,111090.png
111717,PREMIUM BELGIUM OPEN GREEN CHOCO MAP SAFFRON & PISTACHIO KG,BELGIUM - OPEN,130,111090.png
111839,PREMIUM BELGIUM OPEN GOLD CHOCO MAP SAFFRON & PISTACHIO KG,BELGIUM - OPEN,130,111090.png
111091,PREMIUM BELGIUM WRAPPED BROWN TRIO HARMONY A HAZELNUT & CARAMEL KG,BELGIUM - WRAPPED,135,111091.png
111529,PREMIUM BELGIUM WRAPPED WHITE TRIO HARMONY A HAZELNUT & CARAMEL KG,BELGIUM - WRAPPED,135,111091.png
111591,PREMIUM BELGIUM WRAPPED RED TRIO HARMONY A HAZELNUT & CARAMEL KG,BELGIUM - WRAPPED,135,111091.png
111651,PREMIUM BELGIUM WRAPPED PINK TRIO HARMONY A HAZELNUT & CARAMEL KG,BELGIUM - WRAPPED,135,111091.png
111712,PREMIUM BELGIUM WRAPPED GREEN TRIO HARMONY A HAZELNUT & CARAMEL KG,BELGIUM - WRAPPED,135,111091.png
111779,PREMIUM BELGIUM OPEN RED TRIO HARMONY A HAZELNUT & CARAMEL KG,BELGIUM - OPEN,130,111091.png
111904,PREMIUM BELGIUM OPEN PINK TRIO HARMONY A HAZELNUT & CARAMEL KG,BELGIUM - OPEN,130,111091.png
111718,PREMIUM BELGIUM OPEN GREEN TRIO HARMONY A HAZELNUT & CARAMEL KG,BELGIUM - OPEN,130,111091.png
111840,PREMIUM BELGIUM OPEN GOLD TRIO HARMONY A HAZELNUT & CARAMEL KG,BELGIUM - OPEN,130,111091.png
111092,PREMIUM BELGIUM WRAPPED BROWN CHOCO TEAR GIANDUJA & CARAMEL & FEUILLETINE  & NUTS & HAZELNUTS KG,BELGIUM - WRAPPED,135,111092.jpg
111502,PREMIUM BELGIUM WRAPPED WHITE CHOCO TEAR GIANDUJA & CARAMEL & FEUILLETINE  & NUTS & HAZELNUTS KG,BELGIUM - WRAPPED,135,111092.jpg
111557,PREMIUM BELGIUM WRAPPED RED CHOCO TEAR GIANDUJA & CARAMEL & FEUILLETINE  & NUTS & HAZELNUTS KG,BELGIUM - WRAPPED,135,111092.jpg
111618,PREMIUM BELGIUM WRAPPED PINK CHOCO TEAR GIANDUJA & CARAMEL & FEUILLETINE  & NUTS & HAZELNUTS KG,BELGIUM - WRAPPED,135,111092.jpg
111678,PREMIUM BELGIUM WRAPPED GREEN CHOCO TEAR GIANDUJA & CARAMEL & FEUILLETINE  & NUTS & HAZELNUTS KG,BELGIUM - WRAPPED,135,111092.jpg
111287,PREMIUM BELGIUM OPEN WHITE CHOCO TEAR GIANDUJA & CARAMEL & FEUILLETINE  & NUTS & HAZELNUTS KG,BELGIUM - OPEN,130,111092.jpg
111780,PREMIUM BELGIUM OPEN RED CHOCO TEAR GIANDUJA & CARAMEL & FEUILLETINE  & NUTS & HAZELNUTS KG,BELGIUM - OPEN,130,111092.jpg
111905,PREMIUM BELGIUM OPEN PINK CHOCO TEAR GIANDUJA & CARAMEL & FEUILLETINE  & NUTS & HAZELNUTS KG,BELGIUM - OPEN,130,111092.jpg
111719,PREMIUM BELGIUM OPEN GREEN CHOCO TEAR GIANDUJA & CARAMEL & FEUILLETINE  & NUTS & HAZELNUTS KG,BELGIUM - OPEN,130,111092.jpg
111841,PREMIUM BELGIUM OPEN GOLD CHOCO TEAR GIANDUJA & CARAMEL & FEUILLETINE  & NUTS & HAZELNUTS KG,BELGIUM - OPEN,130,111092.jpg
111093,PREMIUM BELGIUM WRAPPED WHITE CHOCO RIPPLE CUP CARAMEL & CREAM KG,BELGIUM - WRAPPED,135,111093.png
111461,PREMIUM BELGIUM WRAPPED BROWN CHOCO RIPPLE CUP CARAMEL & CREAM KG,BELGIUM - WRAPPED,135,111093.png
111551,PREMIUM BELGIUM WRAPPED RED CHOCO RIPPLE CUP CARAMEL & CREAM KG,BELGIUM - WRAPPED,135,111093.png
111612,PREMIUM BELGIUM WRAPPED PINK CHOCO RIPPLE CUP CARAMEL & CREAM KG,BELGIUM - WRAPPED,135,111093.png
111672,PREMIUM BELGIUM WRAPPED GREEN CHOCO RIPPLE CUP CARAMEL & CREAM KG,BELGIUM - WRAPPED,135,111093.png
111368,PREMIUM BELGIUM OPEN BROWN CHOCO RIPPLE CUP CARAMEL & CREAM KG,BELGIUM - OPEN,130,111093.png
111329,PREMIUM BELGIUM OPEN WHITE CHOCO RIPPLE CUP CARAMEL & CREAM KG,BELGIUM - OPEN,130,111093.png
111781,PREMIUM BELGIUM OPEN RED CHOCO RIPPLE CUP CARAMEL & CREAM KG,BELGIUM - OPEN,130,111093.png
111906,PREMIUM BELGIUM OPEN PINK CHOCO RIPPLE CUP CARAMEL & CREAM KG,BELGIUM - OPEN,130,111093.png
111720,PREMIUM BELGIUM OPEN GREEN CHOCO RIPPLE CUP CARAMEL & CREAM KG,BELGIUM - OPEN,130,111093.png
111842,PREMIUM BELGIUM OPEN GOLD CHOCO RIPPLE CUP CARAMEL & CREAM KG,BELGIUM - OPEN,130,111093.png
111094,PREMIUM BELGIUM WRAPPED BROWN CHOCO SQUIRREL CHEESECAKE & STRAWBERRIES  & BISCUIT KG,BELGIUM - WRAPPED,135,111094.png
111498,PREMIUM BELGIUM WRAPPED WHITE CHOCO SQUIRREL CHEESECAKE & STRAWBERRIES  & BISCUIT KG,BELGIUM - WRAPPED,135,111094.png
111552,PREMIUM BELGIUM WRAPPED RED CHOCO SQUIRREL CHEESECAKE & STRAWBERRIES  & BISCUIT KG,BELGIUM - WRAPPED,135,111094.png
111613,PREMIUM BELGIUM WRAPPED PINK CHOCO SQUIRREL CHEESECAKE & STRAWBERRIES  & BISCUIT KG,BELGIUM - WRAPPED,135,111094.png
111673,PREMIUM BELGIUM WRAPPED GREEN CHOCO SQUIRREL CHEESECAKE & STRAWBERRIES  & BISCUIT KG,BELGIUM - WRAPPED,135,111094.png
111782,PREMIUM BELGIUM OPEN RED CHOCO SQUIRREL CHEESECAKE & STRAWBERRIES  & BISCUIT KG,BELGIUM - OPEN,130,111094.png
111907,PREMIUM BELGIUM OPEN PINK CHOCO SQUIRREL CHEESECAKE & STRAWBERRIES  & BISCUIT KG,BELGIUM - OPEN,130,111094.png
111721,PREMIUM BELGIUM OPEN GREEN CHOCO SQUIRREL CHEESECAKE & STRAWBERRIES  & BISCUIT KG,BELGIUM - OPEN,130,111094.png
111843,PREMIUM BELGIUM OPEN GOLD CHOCO SQUIRREL CHEESECAKE & STRAWBERRIES  & BISCUIT KG,BELGIUM - OPEN,130,111094.png
111095,PREMIUM BELGIUM WRAPPED BROWN DIRHAM NUTELLA & HAZELNUTS KG,BELGIUM - WRAPPED,135,111095.jpg
111506,PREMIUM BELGIUM WRAPPED WHITE DIRHAM NUTELLA & HAZELNUTS KG,BELGIUM - WRAPPED,135,111095.jpg
111562,PREMIUM BELGIUM WRAPPED RED DIRHAM NUTELLA & HAZELNUTS KG,BELGIUM - WRAPPED,135,111095.jpg
111623,PREMIUM BELGIUM WRAPPED PINK DIRHAM NUTELLA & HAZELNUTS KG,BELGIUM - WRAPPED,135,111095.jpg
111683,PREMIUM BELGIUM WRAPPED GREEN DIRHAM NUTELLA & HAZELNUTS KG,BELGIUM - WRAPPED,135,111095.jpg
111336,PREMIUM BELGIUM OPEN WHITE DIRHAM NUTELLA & HAZELNUTS KG,BELGIUM - OPEN,130,111095.jpg
111783,PREMIUM BELGIUM OPEN RED DIRHAM NUTELLA & HAZELNUTS KG,BELGIUM - OPEN,130,111095.jpg
111908,PREMIUM BELGIUM OPEN PINK DIRHAM NUTELLA & HAZELNUTS KG,BELGIUM - OPEN,130,111095.jpg
111722,PREMIUM BELGIUM OPEN GREEN DIRHAM NUTELLA & HAZELNUTS KG,BELGIUM - OPEN,130,111095.jpg
111844,PREMIUM BELGIUM OPEN GOLD DIRHAM NUTELLA & HAZELNUTS KG,BELGIUM - OPEN,130,111095.jpg
111096,PREMIUM BELGIUM WRAPPED BROWN CHOCO MATRESS GIANDUJA & NUTS & FEUILLETINE KG,BELGIUM - WRAPPED,135,111096.jpg
111494,PREMIUM BELGIUM WRAPPED WHITE CHOCO MATRESS GIANDUJA & NUTS & FEUILLETINE KG,BELGIUM - WRAPPED,135,111096.jpg
111547,PREMIUM BELGIUM WRAPPED RED CHOCO MATRESS GIANDUJA & NUTS & FEUILLETINE KG,BELGIUM - WRAPPED,135,111096.jpg
111608,PREMIUM BELGIUM WRAPPED PINK CHOCO MATRESS GIANDUJA & NUTS & FEUILLETINE KG,BELGIUM - WRAPPED,135,111096.jpg
111668,PREMIUM BELGIUM WRAPPED GREEN CHOCO MATRESS GIANDUJA & NUTS & FEUILLETINE KG,BELGIUM - WRAPPED,135,111096.jpg
111325,PREMIUM BELGIUM OPEN WHITE CHOCO MATRESS GIANDUJA & NUTS & FEUILLETINE KG,BELGIUM - OPEN,130,111096.jpg
111784,PREMIUM BELGIUM OPEN RED CHOCO MATRESS GIANDUJA & NUTS & FEUILLETINE KG,BELGIUM - OPEN,130,111096.jpg
111909,PREMIUM BELGIUM OPEN PINK CHOCO MATRESS GIANDUJA & NUTS & FEUILLETINE KG,BELGIUM - OPEN,130,111096.jpg
111723,PREMIUM BELGIUM OPEN GREEN CHOCO MATRESS GIANDUJA & NUTS & FEUILLETINE KG,BELGIUM - OPEN,130,111096.jpg
111845,PREMIUM BELGIUM OPEN GOLD CHOCO MATRESS GIANDUJA & NUTS & FEUILLETINE KG,BELGIUM - OPEN,130,111096.jpg
111097,PREMIUM BELGIUM WRAPPED BROWN CHOCO SQUIRREL HAZELNUT NOUGAT & ALMONDS & CARAMEL KG,BELGIUM - WRAPPED,135,111097.jpg
111499,PREMIUM BELGIUM WRAPPED WHITE CHOCO SQUIRREL HAZELNUT NOUGAT & ALMONDS & CARAMEL KG,BELGIUM - WRAPPED,135,111097.jpg
111554,PREMIUM BELGIUM WRAPPED RED CHOCO SQUIRREL HAZELNUT NOUGAT & ALMONDS & CARAMEL KG,BELGIUM - WRAPPED,135,111097.jpg
111615,PREMIUM BELGIUM WRAPPED PINK CHOCO SQUIRREL HAZELNUT NOUGAT & ALMONDS & CARAMEL KG,BELGIUM - WRAPPED,135,111097.jpg
111675,PREMIUM BELGIUM WRAPPED GREEN CHOCO SQUIRREL HAZELNUT NOUGAT & ALMONDS & CARAMEL KG,BELGIUM - WRAPPED,135,111097.jpg
111369,PREMIUM BELGIUM OPEN BROWN CHOCO SQUIRREL HAZELNUT NOUGAT & ALMONDS & CARAMEL KG,BELGIUM - OPEN,130,111097.jpg
111785,PREMIUM BELGIUM OPEN RED CHOCO SQUIRREL HAZELNUT NOUGAT & ALMONDS & CARAMEL KG,BELGIUM - OPEN,130,111097.jpg
111910,PREMIUM BELGIUM OPEN PINK CHOCO SQUIRREL HAZELNUT NOUGAT & ALMONDS & CARAMEL KG,BELGIUM - OPEN,130,111097.jpg
111724,PREMIUM BELGIUM OPEN GREEN CHOCO SQUIRREL HAZELNUT NOUGAT & ALMONDS & CARAMEL KG,BELGIUM - OPEN,130,111097.jpg
111846,PREMIUM BELGIUM OPEN GOLD CHOCO SQUIRREL HAZELNUT NOUGAT & ALMONDS & CARAMEL KG,BELGIUM - OPEN,130,111097.jpg
111098,PREMIUM BELGIUM WRAPPED BROWN GOLDEN LINE HAZELNUT GIANDUJA & CARAMEL KG,BELGIUM - WRAPPED,135,111098.png
111507,PREMIUM BELGIUM WRAPPED WHITE GOLDEN LINE HAZELNUT GIANDUJA & CARAMEL KG,BELGIUM - WRAPPED,135,111098.png
111563,PREMIUM BELGIUM WRAPPED RED GOLDEN LINE HAZELNUT GIANDUJA & CARAMEL KG,BELGIUM - WRAPPED,135,111098.png
111624,PREMIUM BELGIUM WRAPPED PINK GOLDEN LINE HAZELNUT GIANDUJA & CARAMEL KG,BELGIUM - WRAPPED,135,111098.png
111684,PREMIUM BELGIUM WRAPPED GREEN GOLDEN LINE HAZELNUT GIANDUJA & CARAMEL KG,BELGIUM - WRAPPED,135,111098.png
111303,PREMIUM BELGIUM OPEN BROWN GOLDEN LINE HAZELNUT GIANDUJA & CARAMEL KG,BELGIUM - OPEN,130,111098.png
111786,PREMIUM BELGIUM OPEN RED GOLDEN LINE HAZELNUT GIANDUJA & CARAMEL KG,BELGIUM - OPEN,130,111098.png
111911,PREMIUM BELGIUM OPEN PINK GOLDEN LINE HAZELNUT GIANDUJA & CARAMEL KG,BELGIUM - OPEN,130,111098.png
111725,PREMIUM BELGIUM OPEN GREEN GOLDEN LINE HAZELNUT GIANDUJA & CARAMEL KG,BELGIUM - OPEN,130,111098.png
111099,PREMIUM BELGIUM WRAPPED BROWN CHOCO BALL HAZELNUT PASTE KG,BELGIUM - WRAPPED,135,111099.jpg
111487,PREMIUM BELGIUM WRAPPED WHITE CHOCO BALL HAZELNUT PASTE KG,BELGIUM - WRAPPED,135,111099.jpg
111540,PREMIUM BELGIUM WRAPPED RED CHOCO BALL HAZELNUT PASTE KG,BELGIUM - WRAPPED,135,111099.jpg
111601,PREMIUM BELGIUM WRAPPED PINK CHOCO BALL HAZELNUT PASTE KG,BELGIUM - WRAPPED,135,111099.jpg
111661,PREMIUM BELGIUM WRAPPED GREEN CHOCO BALL HAZELNUT PASTE KG,BELGIUM - WRAPPED,135,111099.jpg
111291,PREMIUM BELGIUM OPEN WHITE CHOCO BALL HAZELNUT PASTE KG,BELGIUM - OPEN,130,111099.jpg
111787,PREMIUM BELGIUM OPEN RED CHOCO BALL HAZELNUT PASTE KG,BELGIUM - OPEN,130,111099.jpg
111912,PREMIUM BELGIUM OPEN PINK CHOCO BALL HAZELNUT PASTE KG,BELGIUM - OPEN,130,111099.jpg
111726,PREMIUM BELGIUM OPEN GREEN CHOCO BALL HAZELNUT PASTE KG,BELGIUM - OPEN,130,111099.jpg
111848,PREMIUM BELGIUM OPEN GOLD CHOCO BALL HAZELNUT PASTE KG,BELGIUM - OPEN,130,111099.jpg
111100,PREMIUM BELGIUM WRAPPED WHITE MUSHROOM NOUGAT & MIXED NUTS &  HAZELNUTS & GIANDUJA KG,BELGIUM - WRAPPED,135,111100.png
111462,PREMIUM BELGIUM WRAPPED BROWN MUSHROOM NOUGAT & MIXED NUTS &  HAZELNUTS & GIANDUJA KG,BELGIUM - WRAPPED,135,111100.png
111577,PREMIUM BELGIUM WRAPPED RED MUSHROOM NOUGAT & MIXED NUTS &  HAZELNUTS & GIANDUJA KG,BELGIUM - WRAPPED,135,111100.png
111637,PREMIUM BELGIUM WRAPPED PINK MUSHROOM NOUGAT & MIXED NUTS &  HAZELNUTS & GIANDUJA KG,BELGIUM - WRAPPED,135,111100.png
111698,PREMIUM BELGIUM WRAPPED GREEN MUSHROOM NOUGAT & MIXED NUTS &  HAZELNUTS & GIANDUJA KG,BELGIUM - WRAPPED,135,111100.png
111386,PREMIUM BELGIUM OPEN BROWN MUSHROOM NOUGAT & MIXED NUTS &  HAZELNUTS & GIANDUJA KG,BELGIUM - OPEN,130,111100.png
111348,PREMIUM BELGIUM OPEN WHITE MUSHROOM NOUGAT & MIXED NUTS &  HAZELNUTS & GIANDUJA KG,BELGIUM - OPEN,130,111100.png
111788,PREMIUM BELGIUM OPEN RED MUSHROOM NOUGAT & MIXED NUTS &  HAZELNUTS & GIANDUJA KG,BELGIUM - OPEN,130,111100.png
111913,PREMIUM BELGIUM OPEN PINK MUSHROOM NOUGAT & MIXED NUTS &  HAZELNUTS & GIANDUJA KG,BELGIUM - OPEN,130,111100.png
111727,PREMIUM BELGIUM OPEN GREEN MUSHROOM NOUGAT & MIXED NUTS &  HAZELNUTS & GIANDUJA KG,BELGIUM - OPEN,130,111100.png
111849,PREMIUM BELGIUM OPEN GOLD MUSHROOM NOUGAT & MIXED NUTS &  HAZELNUTS & GIANDUJA KG,BELGIUM - OPEN,130,111100.png
111101,PREMIUM BELGIUM WRAPPED BROWN ROYAL BAR FEUILLETINE BISCUIT & CHOCOLATE KG,BELGIUM - WRAPPED,135,111101.jpg
111524,PREMIUM BELGIUM WRAPPED WHITE ROYAL BAR FEUILLETINE BISCUIT & CHOCOLATE KG,BELGIUM - WRAPPED,135,111101.jpg
111585,PREMIUM BELGIUM WRAPPED RED ROYAL BAR FEUILLETINE BISCUIT & CHOCOLATE KG,BELGIUM - WRAPPED,135,111101.jpg
111645,PREMIUM BELGIUM WRAPPED PINK ROYAL BAR FEUILLETINE BISCUIT & CHOCOLATE KG,BELGIUM - WRAPPED,135,111101.jpg
111706,PREMIUM BELGIUM WRAPPED GREEN ROYAL BAR FEUILLETINE BISCUIT & CHOCOLATE KG,BELGIUM - WRAPPED,135,111101.jpg
111354,PREMIUM BELGIUM OPEN WHITE ROYAL BAR FEUILLETINE BISCUIT & CHOCOLATE KG,BELGIUM - OPEN,130,111101.jpg
111789,PREMIUM BELGIUM OPEN RED ROYAL BAR FEUILLETINE BISCUIT & CHOCOLATE KG,BELGIUM - OPEN,130,111101.jpg
111914,PREMIUM BELGIUM OPEN PINK ROYAL BAR FEUILLETINE BISCUIT & CHOCOLATE KG,BELGIUM - OPEN,130,111101.jpg
111728,PREMIUM BELGIUM OPEN GREEN ROYAL BAR FEUILLETINE BISCUIT & CHOCOLATE KG,BELGIUM - OPEN,130,111101.jpg
111850,PREMIUM BELGIUM OPEN GOLD ROYAL BAR FEUILLETINE BISCUIT & CHOCOLATE KG,BELGIUM - OPEN,130,111101.jpg
111102,PREMIUM BELGIUM WRAPPED BROWN ROYAL CARAMEL BAR  CARAMEL & CHOCOLATE KG,BELGIUM - WRAPPED,135,111102.jpg
111525,PREMIUM BELGIUM WRAPPED WHITE ROYAL CARAMEL BAR  CARAMEL & CHOCOLATE KG,BELGIUM - WRAPPED,135,111102.jpg
111586,PREMIUM BELGIUM WRAPPED RED ROYAL CARAMEL BAR  CARAMEL & CHOCOLATE KG,BELGIUM - WRAPPED,135,111102.jpg
111646,PREMIUM BELGIUM WRAPPED PINK ROYAL CARAMEL BAR  CARAMEL & CHOCOLATE KG,BELGIUM - WRAPPED,135,111102.jpg
111707,PREMIUM BELGIUM WRAPPED GREEN ROYAL CARAMEL BAR  CARAMEL & CHOCOLATE KG,BELGIUM - WRAPPED,135,111102.jpg
111355,PREMIUM BELGIUM OPEN WHITE ROYAL CARAMEL BAR  CARAMEL & CHOCOLATE KG,BELGIUM - OPEN,130,111102.jpg
111790,PREMIUM BELGIUM OPEN RED ROYAL CARAMEL BAR  CARAMEL & CHOCOLATE KG,BELGIUM - OPEN,130,111102.jpg
111915,PREMIUM BELGIUM OPEN PINK ROYAL CARAMEL BAR  CARAMEL & CHOCOLATE KG,BELGIUM - OPEN,130,111102.jpg
111729,PREMIUM BELGIUM OPEN GREEN ROYAL CARAMEL BAR  CARAMEL & CHOCOLATE KG,BELGIUM - OPEN,130,111102.jpg
111851,PREMIUM BELGIUM OPEN GOLD ROYAL CARAMEL BAR  CARAMEL & CHOCOLATE KG,BELGIUM - OPEN,130,111102.jpg
111103,PREMIUM BELGIUM WRAPPED BROWN HAZEL CROWN NUTELLA & HAZELNUTS KG,BELGIUM - WRAPPED,135,111103.jpg
111509,PREMIUM BELGIUM WRAPPED WHITE HAZEL CROWN NUTELLA & HAZELNUTS KG,BELGIUM - WRAPPED,135,111103.jpg
111565,PREMIUM BELGIUM WRAPPED RED HAZEL CROWN NUTELLA & HAZELNUTS KG,BELGIUM - WRAPPED,135,111103.jpg
111626,PREMIUM BELGIUM WRAPPED PINK HAZEL CROWN NUTELLA & HAZELNUTS KG,BELGIUM - WRAPPED,135,111103.jpg
111686,PREMIUM BELGIUM WRAPPED GREEN HAZEL CROWN NUTELLA & HAZELNUTS KG,BELGIUM - WRAPPED,135,111103.jpg
111339,PREMIUM BELGIUM OPEN WHITE HAZEL CROWN NUTELLA & HAZELNUTS KG,BELGIUM - OPEN,130,111103.jpg
111791,PREMIUM BELGIUM OPEN RED HAZEL CROWN NUTELLA & HAZELNUTS KG,BELGIUM - OPEN,130,111103.jpg
111916,PREMIUM BELGIUM OPEN PINK HAZEL CROWN NUTELLA & HAZELNUTS KG,BELGIUM - OPEN,130,111103.jpg
111730,PREMIUM BELGIUM OPEN GREEN HAZEL CROWN NUTELLA & HAZELNUTS KG,BELGIUM - OPEN,130,111103.jpg
111852,PREMIUM BELGIUM OPEN GOLD HAZEL CROWN NUTELLA & HAZELNUTS KG,BELGIUM - OPEN,130,111103.jpg
111104,PREMIUM BELGIUM WRAPPED BROWN DALLAH COFFEE KG,BELGIUM - WRAPPED,135,111104.jpg
111505,PREMIUM BELGIUM WRAPPED WHITE DALLAH COFFEE KG,BELGIUM - WRAPPED,135,111104.jpg
111561,PREMIUM BELGIUM WRAPPED RED DALLAH COFFEE KG,BELGIUM - WRAPPED,135,111104.jpg
111622,PREMIUM BELGIUM WRAPPED PINK DALLAH COFFEE KG,BELGIUM - WRAPPED,135,111104.jpg
111682,PREMIUM BELGIUM WRAPPED GREEN DALLAH COFFEE KG,BELGIUM - WRAPPED,135,111104.jpg
111335,PREMIUM BELGIUM OPEN WHITE DALLAH COFFEE KG,BELGIUM - OPEN,130,111104.jpg
111792,PREMIUM BELGIUM OPEN RED DALLAH COFFEE KG,BELGIUM - OPEN,130,111104.jpg
111917,PREMIUM BELGIUM OPEN PINK DALLAH COFFEE KG,BELGIUM - OPEN,130,111104.jpg
111731,PREMIUM BELGIUM OPEN GREEN DALLAH COFFEE KG,BELGIUM - OPEN,130,111104.jpg
113197,PREMIUM BELGIUM OPEN YELLOW DALLAH COFFEE KG,BELGIUM - OPEN,130,111104.jpg
111110,PREMIUM BELGIUM WRAPPED BROWN CHOCO DOME CHEESECAKE & STRAWBERRIES KG,BELGIUM - WRAPPED,135,111110.jpg
111490,PREMIUM BELGIUM WRAPPED WHITE CHOCO DOME CHEESECAKE & STRAWBERRIES KG,BELGIUM - WRAPPED,135,111110.jpg
111543,PREMIUM BELGIUM WRAPPED RED CHOCO DOME CHEESECAKE & STRAWBERRIES KG,BELGIUM - WRAPPED,135,111110.jpg
111604,PREMIUM BELGIUM WRAPPED PINK CHOCO DOME CHEESECAKE & STRAWBERRIES KG,BELGIUM - WRAPPED,135,111110.jpg
111664,PREMIUM BELGIUM WRAPPED GREEN CHOCO DOME CHEESECAKE & STRAWBERRIES KG,BELGIUM - WRAPPED,135,111110.jpg
111292,PREMIUM BELGIUM OPEN WHITE CHOCO DOME CHEESECAKE & STRAWBERRIES KG,BELGIUM - OPEN,130,111110.jpg
111798,PREMIUM BELGIUM OPEN RED CHOCO DOME CHEESECAKE & STRAWBERRIES KG,BELGIUM - OPEN,130,111110.jpg
111923,PREMIUM BELGIUM OPEN PINK CHOCO DOME CHEESECAKE & STRAWBERRIES KG,BELGIUM - OPEN,130,111110.jpg
111737,PREMIUM BELGIUM OPEN GREEN CHOCO DOME CHEESECAKE & STRAWBERRIES KG,BELGIUM - OPEN,130,111110.jpg
111859,PREMIUM BELGIUM OPEN GOLD CHOCO DOME CHEESECAKE & STRAWBERRIES KG,BELGIUM - OPEN,130,111110.jpg
111111,PREMIUM BELGIUM WRAPPED BROWN HAZELNUT PES HAZELNUT PRALINE & TRUFFLE & WHOLE HAZELNUT KG,BELGIUM - WRAPPED,135,111111.png
111510,PREMIUM BELGIUM WRAPPED WHITE HAZELNUT PES HAZELNUT PRALINE & TRUFFLE & WHOLE HAZELNUT KG,BELGIUM - WRAPPED,135,111111.png
111567,PREMIUM BELGIUM WRAPPED RED HAZELNUT PES HAZELNUT PRALINE & TRUFFLE & WHOLE HAZELNUT KG,BELGIUM - WRAPPED,135,111111.png
111628,PREMIUM BELGIUM WRAPPED PINK HAZELNUT PES HAZELNUT PRALINE & TRUFFLE & WHOLE HAZELNUT KG,BELGIUM - WRAPPED,135,111111.png
111688,PREMIUM BELGIUM WRAPPED GREEN HAZELNUT PES HAZELNUT PRALINE & TRUFFLE & WHOLE HAZELNUT KG,BELGIUM - WRAPPED,135,111111.png
112715,PREMIUM BELGIUM OPEN PURE WHITE HAZELNUT PRALINE & TRUFFLE & WHOLE HAZELNUT KG,BELGIUM - OPEN,130,111111.png
111799,PREMIUM BELGIUM OPEN RED HAZELNUT PES HAZELNUT PRALINE & TRUFFLE & WHOLE HAZELNUT KG,BELGIUM - OPEN,130,111111.png
111924,PREMIUM BELGIUM OPEN PINK HAZELNUT PES HAZELNUT PRALINE & TRUFFLE & WHOLE HAZELNUT KG,BELGIUM - OPEN,130,111111.png
111738,PREMIUM BELGIUM OPEN GREEN HAZELNUT PES HAZELNUT PRALINE & TRUFFLE & WHOLE HAZELNUT KG,BELGIUM - OPEN,130,111111.png
111860,PREMIUM BELGIUM OPEN GOLD HAZELNUT PES HAZELNUT PRALINE & TRUFFLE & WHOLE HAZELNUT KG,BELGIUM - OPEN,130,111111.png
111112,PREMIUM BELGIUM WRAPPED BROWN ANDALUSIA GIANDUJA & CARAMEL & CRISPY KG,BELGIUM - WRAPPED,135,111112.png
111484,PREMIUM BELGIUM WRAPPED WHITE ANDALUSIA GIANDUJA & CARAMEL & CRISPY KG,BELGIUM - WRAPPED,135,111112.png
111537,PREMIUM BELGIUM WRAPPED RED ANDALUSIA GIANDUJA & CARAMEL & CRISPY KG,BELGIUM - WRAPPED,135,111112.png
111598,PREMIUM BELGIUM WRAPPED PINK ANDALUSIA GIANDUJA & CARAMEL & CRISPY KG,BELGIUM - WRAPPED,135,111112.png
111658,PREMIUM BELGIUM WRAPPED GREEN ANDALUSIA GIANDUJA & CARAMEL & CRISPY KG,BELGIUM - WRAPPED,135,111112.png
111800,PREMIUM BELGIUM OPEN RED ANDALUSIA GIANDUJA & CARAMEL & CRISPY KG,BELGIUM - OPEN,130,111112.png
111925,PREMIUM BELGIUM OPEN PINK ANDALUSIA GIANDUJA & CARAMEL & CRISPY KG,BELGIUM - OPEN,130,111112.png
111739,PREMIUM BELGIUM OPEN GREEN ANDALUSIA GIANDUJA & CARAMEL & CRISPY KG,BELGIUM - OPEN,130,111112.png
111861,PREMIUM BELGIUM OPEN GOLD ANDALUSIA GIANDUJA & CARAMEL & CRISPY KG,BELGIUM - OPEN,130,111112.png
111114,PREMIUM BELGIUM WRAPPED BROWN CHOCO BRICK PRALINE SESAME & CARAMEL KG,BELGIUM - WRAPPED,135,111114.png
111488,PREMIUM BELGIUM WRAPPED WHITE CHOCO BRICK PRALINE SESAME & CARAMEL KG,BELGIUM - WRAPPED,135,111114.png
111541,PREMIUM BELGIUM WRAPPED RED CHOCO BRICK PRALINE SESAME & CARAMEL KG,BELGIUM - WRAPPED,135,111114.png
111602,PREMIUM BELGIUM WRAPPED PINK CHOCO BRICK PRALINE SESAME & CARAMEL KG,BELGIUM - WRAPPED,135,111114.png
111662,PREMIUM BELGIUM WRAPPED GREEN CHOCO BRICK PRALINE SESAME & CARAMEL KG,BELGIUM - WRAPPED,135,111114.png
111306,PREMIUM BELGIUM OPEN BROWN CHOCO BRICK PRALINE SESAME & CARAMEL KG,BELGIUM - OPEN,130,111114.png
112372,PREMIUM BELGIUM OPEN BLUE CHOCO BRICK PRALINE SESAME & CARAMEL KG,BELGIUM - OPEN,130,111114.png
111802,PREMIUM BELGIUM OPEN RED CHOCO BRICK PRALINE SESAME & CARAMEL KG,BELGIUM - OPEN,130,111114.png
111927,PREMIUM BELGIUM OPEN PINK CHOCO BRICK PRALINE SESAME & CARAMEL KG,BELGIUM - OPEN,130,111114.png
111741,PREMIUM BELGIUM OPEN GREEN CHOCO BRICK PRALINE SESAME & CARAMEL KG,BELGIUM - OPEN,130,111114.png
111863,PREMIUM BELGIUM OPEN GOLD CHOCO BRICK PRALINE SESAME & CARAMEL KG,BELGIUM - OPEN,130,111114.png
112385,PREMIUM BELGIUM OPEN YELLOW CHOCO BRICK PRALINE SESAME & CARAMEL KG,BELGIUM - OPEN,130,111114.png
111115,PREMIUM BELGIUM WRAPPED BROWN GOLDEN LINE PEANUT & CARAMEL KG,BELGIUM - WRAPPED,135,111115.png
111508,PREMIUM BELGIUM WRAPPED WHITE GOLDEN LINE PEANUT & CARAMEL KG,BELGIUM - WRAPPED,135,111115.png
111564,PREMIUM BELGIUM WRAPPED RED GOLDEN LINE PEANUT & CARAMEL KG,BELGIUM - WRAPPED,135,111115.png
111625,PREMIUM BELGIUM WRAPPED PINK GOLDEN LINE PEANUT & CARAMEL KG,BELGIUM - WRAPPED,135,111115.png
111685,PREMIUM BELGIUM WRAPPED GREEN GOLDEN LINE PEANUT & CARAMEL KG,BELGIUM - WRAPPED,135,111115.png
111376,PREMIUM BELGIUM OPEN BROWN GOLDEN LINE PEANUT & CARAMEL KG,BELGIUM - OPEN,130,111115.png
111803,PREMIUM BELGIUM OPEN RED GOLDEN LINE PEANUT & CARAMEL KG,BELGIUM - OPEN,130,111115.png
111928,PREMIUM BELGIUM OPEN PINK GOLDEN LINE PEANUT & CARAMEL KG,BELGIUM - OPEN,130,111115.png
111742,PREMIUM BELGIUM OPEN GREEN GOLDEN LINE PEANUT & CARAMEL KG,BELGIUM - OPEN,130,111115.png
111116,PREMIUM BELGIUM WRAPPED BROWN CHOCO RING OREO BISCUIT FILLING KG,BELGIUM - WRAPPED,135,111116.jpg
111497,PREMIUM BELGIUM WRAPPED WHITE CHOCO RING OREO BISCUIT FILLING KG,BELGIUM - WRAPPED,135,111116.jpg
111550,PREMIUM BELGIUM WRAPPED RED CHOCO RING OREO BISCUIT FILLING KG,BELGIUM - WRAPPED,135,111116.jpg
111611,PREMIUM BELGIUM WRAPPED PINK CHOCO RING OREO BISCUIT FILLING KG,BELGIUM - WRAPPED,135,111116.jpg
111865,PREMIUM BELGIUM OPEN GOLD CHOCO RING OREO BISCUIT FILLING KG,BELGIUM - OPEN,130,111116.jpg
111328,PREMIUM BELGIUM OPEN WHITE CHOCO RING OREO BISCUIT FILLING KG,BELGIUM - OPEN,130,111116.jpg
111804,PREMIUM BELGIUM OPEN RED CHOCO RING OREO BISCUIT FILLING KG,BELGIUM - OPEN,130,111116.jpg
111929,PREMIUM BELGIUM OPEN PINK CHOCO RING OREO BISCUIT FILLING KG,BELGIUM - OPEN,130,111116.jpg
111743,PREMIUM BELGIUM OPEN GREEN CHOCO RING OREO BISCUIT FILLING KG,BELGIUM - OPEN,130,111116.jpg
111117,PREMIUM BELGIUM WRAPPED WHITE CHOCO SQUIRREL COFFEE FILLING & CREAM KG,BELGIUM - WRAPPED,135,111117.png
111553,PREMIUM BELGIUM WRAPPED RED CHOCO SQUIRREL COFFEE FILLING & CREAM KG,BELGIUM - WRAPPED,135,111117.png
111614,PREMIUM BELGIUM WRAPPED PINK CHOCO SQUIRREL COFFEE FILLING & CREAM KG,BELGIUM - WRAPPED,135,111117.png
111674,PREMIUM BELGIUM WRAPPED GREEN CHOCO SQUIRREL COFFEE FILLING & CREAM KG,BELGIUM - WRAPPED,135,111117.png
111805,PREMIUM BELGIUM OPEN RED CHOCO SQUIRREL COFFEE FILLING & CREAM KG,BELGIUM - OPEN,130,111117.png
111930,PREMIUM BELGIUM OPEN PINK CHOCO SQUIRREL COFFEE FILLING & CREAM KG,BELGIUM - OPEN,130,111117.png
111744,PREMIUM BELGIUM OPEN GREEN CHOCO SQUIRREL COFFEE FILLING & CREAM KG,BELGIUM - OPEN,130,111117.png
111866,PREMIUM BELGIUM OPEN GOLD CHOCO SQUIRREL COFFEE FILLING & CREAM KG,BELGIUM - OPEN,130,111117.png
111118,PREMIUM BELGIUM WRAPPED BROWN HEART HAZELNUT GIANDUJA & ALMOND NUTS KG,BELGIUM - WRAPPED,135,111118.jpg
111511,PREMIUM BELGIUM WRAPPED WHITE HEART HAZELNUT GIANDUJA & ALMOND NUTS KG,BELGIUM - WRAPPED,135,111118.jpg
111569,PREMIUM BELGIUM WRAPPED RED HEART HAZELNUT GIANDUJA & ALMOND NUTS KG,BELGIUM - WRAPPED,135,111118.jpg
111629,PREMIUM BELGIUM WRAPPED PINK HEART HAZELNUT GIANDUJA & ALMOND NUTS KG,BELGIUM - WRAPPED,135,111118.jpg
111690,PREMIUM BELGIUM WRAPPED GREEN HEART HAZELNUT GIANDUJA & ALMOND NUTS KG,BELGIUM - WRAPPED,135,111118.jpg
111806,PREMIUM BELGIUM OPEN RED HEART HAZELNUT GIANDUJA & ALMOND NUTS KG,BELGIUM - OPEN,130,111118.jpg
111931,PREMIUM BELGIUM OPEN PINK HEART HAZELNUT GIANDUJA & ALMOND NUTS KG,BELGIUM - OPEN,130,111118.jpg
111745,PREMIUM BELGIUM OPEN GREEN HEART HAZELNUT GIANDUJA & ALMOND NUTS KG,BELGIUM - OPEN,130,111118.jpg
111867,PREMIUM BELGIUM OPEN GOLD HEART HAZELNUT GIANDUJA & ALMOND NUTS KG,BELGIUM - OPEN,130,111118.jpg
111119,PREMIUM BELGIUM WRAPPED BROWN CHOCO SWIRL TRUFFLE & PISTACHIO NUTS KG,BELGIUM - WRAPPED,135,111119.jpg
111501,PREMIUM BELGIUM WRAPPED WHITE CHOCO SWIRL TRUFFLE & PISTACHIO NUTS KG,BELGIUM - WRAPPED,135,111119.jpg
111556,PREMIUM BELGIUM WRAPPED RED CHOCO SWIRL TRUFFLE & PISTACHIO NUTS KG,BELGIUM - WRAPPED,135,111119.jpg
111617,PREMIUM BELGIUM WRAPPED PINK CHOCO SWIRL TRUFFLE & PISTACHIO NUTS KG,BELGIUM - WRAPPED,135,111119.jpg
111677,PREMIUM BELGIUM WRAPPED GREEN CHOCO SWIRL TRUFFLE & PISTACHIO NUTS KG,BELGIUM - WRAPPED,135,111119.jpg
111807,PREMIUM BELGIUM OPEN RED CHOCO SWIRL TRUFFLE & PISTACHIO NUTS KG,BELGIUM - OPEN,130,111119.jpg
111932,PREMIUM BELGIUM OPEN PINK CHOCO SWIRL TRUFFLE & PISTACHIO NUTS KG,BELGIUM - OPEN,130,111119.jpg
111746,PREMIUM BELGIUM OPEN GREEN CHOCO SWIRL TRUFFLE & PISTACHIO NUTS KG,BELGIUM - OPEN,130,111119.jpg
111868,PREMIUM BELGIUM OPEN GOLD CHOCO SWIRL TRUFFLE & PISTACHIO NUTS KG,BELGIUM - OPEN,130,111119.jpg
111120,PREMIUM BELGIUM WRAPPED BROWN SNOW HOUSE CHOCOLATE & NUTS & PISTACHIO KG,BELGIUM - WRAPPED,135,111120.jpg
111528,PREMIUM BELGIUM WRAPPED WHITE SNOW HOUSE CHOCOLATE & NUTS & PISTACHIO KG,BELGIUM - WRAPPED,135,111120.jpg
111589,PREMIUM BELGIUM WRAPPED RED SNOW HOUSE CHOCOLATE & NUTS & PISTACHIO KG,BELGIUM - WRAPPED,135,111120.jpg
111649,PREMIUM BELGIUM WRAPPED PINK SNOW HOUSE CHOCOLATE & NUTS & PISTACHIO KG,BELGIUM - WRAPPED,135,111120.jpg
111710,PREMIUM BELGIUM WRAPPED GREEN SNOW HOUSE CHOCOLATE & NUTS & PISTACHIO KG,BELGIUM - WRAPPED,135,111120.jpg
112207,PREMIUM BELGIUM OPEN BLUE SNOW HOUSE CHOCOLATE & NUTS & PISTACHIO KG,BELGIUM - OPEN,130,111120.jpg
111808,PREMIUM BELGIUM OPEN RED SNOW HOUSE CHOCOLATE & NUTS & PISTACHIO KG,BELGIUM - OPEN,130,111120.jpg
111933,PREMIUM BELGIUM OPEN PINK SNOW HOUSE CHOCOLATE & NUTS & PISTACHIO KG,BELGIUM - OPEN,130,111120.jpg
111747,PREMIUM BELGIUM OPEN GREEN SNOW HOUSE CHOCOLATE & NUTS & PISTACHIO KG,BELGIUM - OPEN,130,111120.jpg
111869,PREMIUM BELGIUM OPEN GOLD SNOW HOUSE CHOCOLATE & NUTS & PISTACHIO KG,BELGIUM - OPEN,130,111120.jpg
111122,PREMIUM BELGIUM WRAPPED BROWN LULU CUP CUP OF KIBANDER & LULU PIECE KG,BELGIUM - WRAPPED,135,111122.jpg
111512,PREMIUM BELGIUM WRAPPED WHITE LULU CUP CUP OF KIBANDER & LULU PIECE KG,BELGIUM - WRAPPED,135,111122.jpg
111571,PREMIUM BELGIUM WRAPPED RED LULU CUP CUP OF KIBANDER & LULU PIECE KG,BELGIUM - WRAPPED,135,111122.jpg
111631,PREMIUM BELGIUM WRAPPED PINK LULU CUP CUP OF KIBANDER & LULU PIECE KG,BELGIUM - WRAPPED,135,111122.jpg
111692,PREMIUM BELGIUM WRAPPED GREEN LULU CUP CUP OF KIBANDER & LULU PIECE KG,BELGIUM - WRAPPED,135,111122.jpg
111342,PREMIUM BELGIUM OPEN WHITE LULU CUP CUP OF KIBANDER & LULU PIECE KG,BELGIUM - OPEN,130,111122.jpg
112382,PREMIUM BELGIUM OPEN BLUE LULU CUP CUP OF KIBANDER & LULU PIECE KG,BELGIUM - OPEN,130,111122.jpg
111809,PREMIUM BELGIUM OPEN RED LULU CUP CUP OF KIBANDER & LULU PIECE KG,BELGIUM - OPEN,130,111122.jpg
111934,PREMIUM BELGIUM OPEN PINK LULU CUP CUP OF KIBANDER & LULU PIECE KG,BELGIUM - OPEN,130,111122.jpg
111748,PREMIUM BELGIUM OPEN GREEN LULU CUP CUP OF KIBANDER & LULU PIECE KG,BELGIUM - OPEN,130,111122.jpg
111870,PREMIUM BELGIUM OPEN GOLD LULU CUP CUP OF KIBANDER & LULU PIECE KG,BELGIUM - OPEN,130,111122.jpg
112379,PREMIUM BELGIUM OPEN YELLOW LULU CUP CUP OF KIBANDER & LULU PIECE KG,BELGIUM - OPEN,130,111122.jpg
112378,PREMIUM BELGIUM OPEN PURPLE LULU CUP CUP OF KIBANDER & LULU PIECE KG,BELGIUM - OPEN,130,111122.jpg
112376,PREMIUM BELGIUM OPEN GRAY LULU CUP CUP OF KIBANDER & LULU PIECE KG,BELGIUM - OPEN,130,111122.jpg
111124,PREMIUM BELGIUM WRAPPED BROWN PISTACHIO LUXE PISTACHIO KG,BELGIUM - WRAPPED,135,111124.jpg
111521,PREMIUM BELGIUM WRAPPED WHITE PISTACHIO LUXE PISTACHIO KG,BELGIUM - WRAPPED,135,111124.jpg
111581,PREMIUM BELGIUM WRAPPED RED PISTACHIO LUXE PISTACHIO KG,BELGIUM - WRAPPED,135,111124.jpg
111641,PREMIUM BELGIUM WRAPPED PINK PISTACHIO LUXE PISTACHIO KG,BELGIUM - WRAPPED,135,111124.jpg
111702,PREMIUM BELGIUM WRAPPED GREEN PISTACHIO LUXE PISTACHIO KG,BELGIUM - WRAPPED,135,111124.jpg
112209,PREMIUM BELGIUM OPEN BROWN PISTACHIO LUXE PISTACHIO KG,BELGIUM - OPEN,130,111124.jpg
111351,PREMIUM BELGIUM OPEN WHITE PISTACHIO LUXE PISTACHIO KG,BELGIUM - OPEN,130,111124.jpg
111750,PREMIUM BELGIUM OPEN BLUE PISTACHIO LUXE PISTACHIO KG,BELGIUM - OPEN,130,111124.jpg
112270,PREMIUM BELGIUM OPEN RED PISTACHIO LUXE PISTACHIO KG,BELGIUM - OPEN,130,111124.jpg
111936,PREMIUM BELGIUM OPEN PINK PISTACHIO LUXE PISTACHIO KG,BELGIUM - OPEN,130,111124.jpg
111872,PREMIUM BELGIUM OPEN GOLD PISTACHIO LUXE PISTACHIO KG,BELGIUM - OPEN,130,111124.jpg
111389,PREMIUM BELGIUM OPEN YELLOW PISTACHIO LUXE PISTACHIO KG,BELGIUM - OPEN,130,111124.jpg
111811,PREMIUM BELGIUM OPEN PURPLE PISTACHIO LUXE PISTACHIO KG,BELGIUM - OPEN,130,111124.jpg
111125,PREMIUM BELGIUM WRAPPED BROWN RUBY PRISM GIANDUJA & CARAMEL KG,BELGIUM - WRAPPED,135,111125.jpg
111527,PREMIUM BELGIUM WRAPPED WHITE RUBY PRISM GIANDUJA & CARAMEL KG,BELGIUM - WRAPPED,135,111125.jpg
111588,PREMIUM BELGIUM WRAPPED RED RUBY PRISM GIANDUJA & CARAMEL KG,BELGIUM - WRAPPED,135,111125.jpg
111648,PREMIUM BELGIUM WRAPPED PINK RUBY PRISM GIANDUJA & CARAMEL KG,BELGIUM - WRAPPED,135,111125.jpg
111709,PREMIUM BELGIUM WRAPPED GREEN RUBY PRISM GIANDUJA & CARAMEL KG,BELGIUM - WRAPPED,135,111125.jpg
111395,PREMIUM BELGIUM OPEN BROWN RUBY PRISM GIANDUJA & CARAMEL KG,BELGIUM - OPEN,130,111125.jpg
111357,PREMIUM BELGIUM OPEN WHITE RUBY PRISM GIANDUJA & CARAMEL KG,BELGIUM - OPEN,130,111125.jpg
112538,PREMIUM BELGIUM OPEN BLUE RUBY PRISM GIANDUJA & CARAMEL KG,BELGIUM - OPEN,130,111125.jpg
111812,PREMIUM BELGIUM OPEN RED RUBY PRISM GIANDUJA & CARAMEL KG,BELGIUM - OPEN,130,111125.jpg
111937,PREMIUM BELGIUM OPEN PINK RUBY PRISM GIANDUJA & CARAMEL KG,BELGIUM - OPEN,130,111125.jpg
111751,PREMIUM BELGIUM OPEN GREEN RUBY PRISM GIANDUJA & CARAMEL KG,BELGIUM - OPEN,130,111125.jpg
111873,PREMIUM BELGIUM OPEN GOLD RUBY PRISM GIANDUJA & CARAMEL KG,BELGIUM - OPEN,130,111125.jpg
112540,PREMIUM BELGIUM OPEN YELLOW RUBY PRISM GIANDUJA & CARAMEL KG,BELGIUM - OPEN,130,111125.jpg
111126,PREMIUM BELGIUM WRAPPED BROWN PISTACHIO LEAF PISTACHIO & CRISPY & CARAMEL KG,BELGIUM - WRAPPED,135,111126.png
111520,PREMIUM BELGIUM WRAPPED WHITE PISTACHIO LEAF PISTACHIO & CRISPY & CARAMEL KG,BELGIUM - WRAPPED,135,111126.png
111580,PREMIUM BELGIUM WRAPPED RED PISTACHIO LEAF PISTACHIO & CRISPY & CARAMEL KG,BELGIUM - WRAPPED,135,111126.png
111640,PREMIUM BELGIUM WRAPPED PINK PISTACHIO LEAF PISTACHIO & CRISPY & CARAMEL KG,BELGIUM - WRAPPED,135,111126.png
111701,PREMIUM BELGIUM WRAPPED GREEN PISTACHIO LEAF PISTACHIO & CRISPY & CARAMEL KG,BELGIUM - WRAPPED,135,111126.png
111388,PREMIUM BELGIUM OPEN BROWN PISTACHIO LEAF PISTACHIO & CRISPY & CARAMEL KG,BELGIUM - OPEN,130,111126.png
111350,PREMIUM BELGIUM OPEN WHITE PISTACHIO LEAF PISTACHIO & CRISPY & CARAMEL KG,BELGIUM - OPEN,130,111126.png
112541,PREMIUM BELGIUM OPEN BLUE PISTACHIO LEAF PISTACHIO & CRISPY & CARAMEL KG,BELGIUM - OPEN,130,111126.png
111813,PREMIUM BELGIUM OPEN RED PISTACHIO LEAF PISTACHIO & CRISPY & CARAMEL KG,BELGIUM - OPEN,130,111126.png
111938,PREMIUM BELGIUM OPEN PINK PISTACHIO LEAF PISTACHIO & CRISPY & CARAMEL KG,BELGIUM - OPEN,130,111126.png
111752,PREMIUM BELGIUM OPEN GREEN PISTACHIO LEAF PISTACHIO & CRISPY & CARAMEL KG,BELGIUM - OPEN,130,111126.png
111874,PREMIUM BELGIUM OPEN GOLD PISTACHIO LEAF PISTACHIO & CRISPY & CARAMEL KG,BELGIUM - OPEN,130,111126.png
112543,PREMIUM BELGIUM OPEN YELLOW PISTACHIO LEAF PISTACHIO & CRISPY & CARAMEL KG,BELGIUM - OPEN,130,111126.png
111127,PREMIUM BELGIUM WRAPPED PINK TEAR HAZELNUT KG,BELGIUM - WRAPPED,135,111127.png
111530,PREMIUM BELGIUM WRAPPED WHITE TEAR HAZELNUT KG,BELGIUM - WRAPPED,135,111127.png
111568,PREMIUM BELGIUM WRAPPED RED TEAR HAZELNUT KG,BELGIUM - WRAPPED,135,111127.png
111689,PREMIUM BELGIUM WRAPPED GREEN TEAR HAZELNUT KG,BELGIUM - WRAPPED,135,111127.png
111379,PREMIUM BELGIUM OPEN BROWN TEAR HAZELNUT KG,BELGIUM - OPEN,130,111127.png
111341,PREMIUM BELGIUM OPEN WHITE TEAR HAZELNUT KG,BELGIUM - OPEN,130,111127.png
112884,PREMIUM BELGIUM OPEN RED TEAR HAZELNUT KG,BELGIUM - OPEN,130,111127.png
112700,PREMIUM BELGIUM OPEN PINK TEAR HAZELNUT KG,BELGIUM - OPEN,130,111127.png
112389,PREMIUM BELGIUM OPEN GREEN TEAR HAZELNUT KG,BELGIUM - OPEN,130,111127.png
112390,PREMIUM BELGIUM OPEN GOLD TEAR HAZELNUT KG,BELGIUM - OPEN,130,111127.png
113422,PREMIUM BELGIUM OPEN PURPLE TEAR HAZELNUT KG,BELGIUM - OPEN,130,111127.png
113421,PREMIUM BELGIUM OPEN GRAY TEAR HAZELNUT KG,BELGIUM - OPEN,130,111127.png
113423,PREMIUM BELGIUM OPEN SILVER TEAR HAZELNUT KG,BELGIUM - OPEN,130,111127.png
111128,PREMIUM BELGIUM WRAPPED WHITE PISTACHIO ROSE PISTACHIO ROSE KG,BELGIUM - WRAPPED,135,111128.jpg
111582,PREMIUM BELGIUM WRAPPED RED PISTACHIO ROSE PISTACHIO ROSE KG,BELGIUM - WRAPPED,135,111128.jpg
111642,PREMIUM BELGIUM WRAPPED PINK PISTACHIO ROSE PISTACHIO ROSE KG,BELGIUM - WRAPPED,135,111128.jpg
111703,PREMIUM BELGIUM WRAPPED GREEN PISTACHIO ROSE PISTACHIO ROSE KG,BELGIUM - WRAPPED,135,111128.jpg
111390,PREMIUM BELGIUM OPEN BROWN PISTACHIO ROSE PISTACHIO ROSE KG,BELGIUM - OPEN,130,111128.jpg
111815,PREMIUM BELGIUM OPEN RED PISTACHIO ROSE PISTACHIO ROSE KG,BELGIUM - OPEN,130,111128.jpg
111940,PREMIUM BELGIUM OPEN PINK PISTACHIO ROSE PISTACHIO ROSE KG,BELGIUM - OPEN,130,111128.jpg
111754,PREMIUM BELGIUM OPEN GREEN PISTACHIO ROSE PISTACHIO ROSE KG,BELGIUM - OPEN,130,111128.jpg
111876,PREMIUM BELGIUM OPEN GOLD PISTACHIO ROSE PISTACHIO ROSE KG,BELGIUM - OPEN,130,111128.jpg
111129,PREMIUM BELGIUM WRAPPED BROWN CARAMEL ALMOND HAZELNUT FILLING KG,BELGIUM - WRAPPED,135,111129.png
111130,PREMIUM BELGIUM WRAPPED BROWN CHOCO SQUIRREL PLAIN & BELGIAN KG,BELGIUM - WRAPPED,135,111130.jpg
111500,PREMIUM BELGIUM WRAPPED WHITE CHOCO SQUIRREL PLAIN & BELGIAN KG,BELGIUM - WRAPPED,135,111130.jpg
111555,PREMIUM BELGIUM WRAPPED RED CHOCO SQUIRREL PLAIN & BELGIAN KG,BELGIUM - WRAPPED,135,111130.jpg
111616,PREMIUM BELGIUM WRAPPED PINK CHOCO SQUIRREL PLAIN & BELGIAN KG,BELGIUM - WRAPPED,135,111130.jpg
111676,PREMIUM BELGIUM WRAPPED GREEN CHOCO SQUIRREL PLAIN & BELGIAN KG,BELGIUM - WRAPPED,135,111130.jpg
111331,PREMIUM BELGIUM OPEN WHITE CHOCO SQUIRREL PLAIN & BELGIAN KG,BELGIUM - OPEN,130,111130.jpg
111817,PREMIUM BELGIUM OPEN RED CHOCO SQUIRREL PLAIN & BELGIAN KG,BELGIUM - OPEN,130,111130.jpg
111942,PREMIUM BELGIUM OPEN PINK CHOCO SQUIRREL PLAIN & BELGIAN KG,BELGIUM - OPEN,130,111130.jpg
111756,PREMIUM BELGIUM OPEN GREEN CHOCO SQUIRREL PLAIN & BELGIAN KG,BELGIUM - OPEN,130,111130.jpg
111878,PREMIUM BELGIUM OPEN GOLD CHOCO SQUIRREL PLAIN & BELGIAN KG,BELGIUM - OPEN,130,111130.jpg
111135,PREMIUM BELGIUM WRAPPED BROWN PARIS PLAIN KG,BELGIUM - WRAPPED,135,111135.png
111519,PREMIUM BELGIUM WRAPPED WHITE PARIS PLAIN KG,BELGIUM - WRAPPED,135,111135.png
111579,PREMIUM BELGIUM WRAPPED RED PARIS PLAIN KG,BELGIUM - WRAPPED,135,111135.png
111639,PREMIUM BELGIUM WRAPPED PINK PARIS PLAIN KG,BELGIUM - WRAPPED,135,111135.png
111700,PREMIUM BELGIUM WRAPPED GREEN PARIS PLAIN KG,BELGIUM - WRAPPED,135,111135.png
111387,PREMIUM BELGIUM OPEN BROWN PARIS PLAIN KG,BELGIUM - OPEN,130,111135.png
111349,PREMIUM BELGIUM OPEN WHITE PARIS PLAIN KG,BELGIUM - OPEN,130,111135.png
111822,PREMIUM BELGIUM OPEN RED PARIS PLAIN KG,BELGIUM - OPEN,130,111135.png
111947,PREMIUM BELGIUM OPEN PINK PARIS PLAIN KG,BELGIUM - OPEN,130,111135.png
111761,PREMIUM BELGIUM OPEN GREEN PARIS PLAIN KG,BELGIUM - OPEN,130,111135.png
111882,PREMIUM BELGIUM OPEN GOLD PARIS PLAIN KG,BELGIUM - OPEN,130,111135.png
111136,PREMIUM BELGIUM WRAPPED BROWN CHOCO PLAIN SQUARE PLAIN KG,BELGIUM - WRAPPED,135,111136.jpg
111496,PREMIUM BELGIUM WRAPPED WHITE CHOCO PLAIN SQUARE PLAIN KG,BELGIUM - WRAPPED,135,111136.jpg
111549,PREMIUM BELGIUM WRAPPED RED CHOCO PLAIN SQUARE PLAIN KG,BELGIUM - WRAPPED,135,111136.jpg
111610,PREMIUM BELGIUM WRAPPED PINK CHOCO PLAIN SQUARE PLAIN KG,BELGIUM - WRAPPED,135,111136.jpg
111670,PREMIUM BELGIUM WRAPPED GREEN CHOCO PLAIN SQUARE PLAIN KG,BELGIUM - WRAPPED,135,111136.jpg
111327,PREMIUM BELGIUM OPEN WHITE CHOCO PLAIN SQUARE PLAIN KG,BELGIUM - OPEN,130,111136.jpg
111823,PREMIUM BELGIUM OPEN RED CHOCO PLAIN SQUARE PLAIN KG,BELGIUM - OPEN,130,111136.jpg
111948,PREMIUM BELGIUM OPEN PINK CHOCO PLAIN SQUARE PLAIN KG,BELGIUM - OPEN,130,111136.jpg
111762,PREMIUM BELGIUM OPEN GREEN CHOCO PLAIN SQUARE PLAIN KG,BELGIUM - OPEN,130,111136.jpg
111883,PREMIUM BELGIUM OPEN GOLD CHOCO PLAIN SQUARE PLAIN KG,BELGIUM - OPEN,130,111136.jpg
111137,PREMIUM BELGIUM WRAPPED BROWN CHOCO WAFER SQUARE WAFER KG,BELGIUM - WRAPPED,135,111137.jpg
111503,PREMIUM BELGIUM WRAPPED WHITE CHOCO WAFER SQUARE WAFER KG,BELGIUM - WRAPPED,135,111137.jpg
111558,PREMIUM BELGIUM WRAPPED RED CHOCO WAFER SQUARE WAFER KG,BELGIUM - WRAPPED,135,111137.jpg
111619,PREMIUM BELGIUM WRAPPED PINK CHOCO WAFER SQUARE WAFER KG,BELGIUM - WRAPPED,135,111137.jpg
111679,PREMIUM BELGIUM WRAPPED GREEN CHOCO WAFER SQUARE WAFER KG,BELGIUM - WRAPPED,135,111137.jpg
111372,PREMIUM BELGIUM OPEN BROWN CHOCO WAFER SQUARE WAFER KG,BELGIUM - OPEN,130,111137.jpg
111333,PREMIUM BELGIUM OPEN WHITE CHOCO WAFER SQUARE WAFER KG,BELGIUM - OPEN,130,111137.jpg
111824,PREMIUM BELGIUM OPEN RED CHOCO WAFER SQUARE WAFER KG,BELGIUM - OPEN,130,111137.jpg
111949,PREMIUM BELGIUM OPEN PINK CHOCO WAFER SQUARE WAFER KG,BELGIUM - OPEN,130,111137.jpg
111763,PREMIUM BELGIUM OPEN GREEN CHOCO WAFER SQUARE WAFER KG,BELGIUM - OPEN,130,111137.jpg
111884,PREMIUM BELGIUM OPEN GOLD CHOCO WAFER SQUARE WAFER KG,BELGIUM - OPEN,130,111137.jpg
111138,PREMIUM BELGIUM WRAPPED BROWN CHOCO PISTACHIO SQUARE PISTACHIO KG,BELGIUM - WRAPPED,135,111138.jpg
111495,PREMIUM BELGIUM WRAPPED WHITE CHOCO PISTACHIO SQUARE PISTACHIO KG,BELGIUM - WRAPPED,135,111138.jpg
111548,PREMIUM BELGIUM WRAPPED RED CHOCO PISTACHIO SQUARE PISTACHIO KG,BELGIUM - WRAPPED,135,111138.jpg
111609,PREMIUM BELGIUM WRAPPED PINK CHOCO PISTACHIO SQUARE PISTACHIO KG,BELGIUM - WRAPPED,135,111138.jpg
111669,PREMIUM BELGIUM WRAPPED GREEN CHOCO PISTACHIO SQUARE PISTACHIO KG,BELGIUM - WRAPPED,135,111138.jpg
111365,PREMIUM BELGIUM OPEN BROWN CHOCO PISTACHIO SQUARE PISTACHIO KG,BELGIUM - OPEN,130,111138.jpg
111326,PREMIUM BELGIUM OPEN WHITE CHOCO PISTACHIO SQUARE PISTACHIO KG,BELGIUM - OPEN,130,111138.jpg
111825,PREMIUM BELGIUM OPEN RED CHOCO PISTACHIO SQUARE PISTACHIO KG,BELGIUM - OPEN,130,111138.jpg
111950,PREMIUM BELGIUM OPEN PINK CHOCO PISTACHIO SQUARE PISTACHIO KG,BELGIUM - OPEN,130,111138.jpg
111764,PREMIUM BELGIUM OPEN GREEN CHOCO PISTACHIO SQUARE PISTACHIO KG,BELGIUM - OPEN,130,111138.jpg
111885,PREMIUM BELGIUM OPEN GOLD CHOCO PISTACHIO SQUARE PISTACHIO KG,BELGIUM - OPEN,130,111138.jpg
111139,PREMIUM BELGIUM WRAPPED BROWN CHOCO HAZELNUT SQUARE  HAZELNUT CREAM WITH NUTS KG,BELGIUM - WRAPPED,135,111139.jpg
111140,PREMIUM BELGIUM WRAPPED BROWN CHOCO CRISPY SQUARE CRISPY KG,BELGIUM - WRAPPED,135,111140.jpg
111489,PREMIUM BELGIUM WRAPPED WHITE CHOCO CRISPY SQUARE CRISPY KG,BELGIUM - WRAPPED,135,111140.jpg
111542,PREMIUM BELGIUM WRAPPED RED CHOCO CRISPY SQUARE CRISPY KG,BELGIUM - WRAPPED,135,111140.jpg
111603,PREMIUM BELGIUM WRAPPED PINK CHOCO CRISPY SQUARE CRISPY KG,BELGIUM - WRAPPED,135,111140.jpg
111663,PREMIUM BELGIUM WRAPPED GREEN CHOCO CRISPY SQUARE CRISPY KG,BELGIUM - WRAPPED,135,111140.jpg
111360,PREMIUM BELGIUM OPEN BROWN CHOCO CRISPY SQUARE CRISPY KG,BELGIUM - OPEN,130,111140.jpg
111322,PREMIUM BELGIUM OPEN WHITE CHOCO CRISPY SQUARE CRISPY KG,BELGIUM - OPEN,130,111140.jpg
111827,PREMIUM BELGIUM OPEN RED CHOCO CRISPY SQUARE CRISPY KG,BELGIUM - OPEN,130,111140.jpg
111952,PREMIUM BELGIUM OPEN PINK CHOCO CRISPY SQUARE CRISPY KG,BELGIUM - OPEN,130,111140.jpg
111766,PREMIUM BELGIUM OPEN GREEN CHOCO CRISPY SQUARE CRISPY KG,BELGIUM - OPEN,130,111140.jpg
111887,PREMIUM BELGIUM OPEN GOLD CHOCO CRISPY SQUARE CRISPY KG,BELGIUM - OPEN,130,111140.jpg
111142,PREMIUM BELGIUM WRAPPED BROWN CHOCO ALMOND SQUARE ALMOND CREAM WITH NUTS KG,BELGIUM - WRAPPED,135,111142.jpg
111281,PREMIUM BELGIUM OPEN WHITE HEART PRALINE HAZELNUT CARAMEL KG,BELGIUM - OPEN,130,111281.jpg
111482,PREMIUM BELGIUM WRAPPED WHITE HEART PRALINE HAZELNUT CARAMEL KG,BELGIUM - WRAPPED,135,111281.jpg
111570,PREMIUM BELGIUM WRAPPED RED HEART PRALINE HAZELNUT CARAMEL KG,BELGIUM - WRAPPED,135,111281.jpg
111630,PREMIUM BELGIUM WRAPPED PINK HEART PRALINE HAZELNUT CARAMEL KG,BELGIUM - WRAPPED,135,111281.jpg
111691,PREMIUM BELGIUM WRAPPED GREEN HEART PRALINE HAZELNUT CARAMEL KG,BELGIUM - WRAPPED,135,111281.jpg
111955,PREMIUM BELGIUM OPEN BLUE HEART PRALINE HAZELNUT CARAMEL KG,BELGIUM - OPEN,130,111281.jpg
112210,PREMIUM BELGIUM OPEN RED HEART PRALINE HAZELNUT CARAMEL KG,BELGIUM - OPEN,130,111281.jpg
112211,PREMIUM BELGIUM OPEN PINK HEART PRALINE HAZELNUT CARAMEL KG,BELGIUM - OPEN,130,111281.jpg
111769,PREMIUM BELGIUM OPEN GREEN HEART PRALINE HAZELNUT CARAMEL KG,BELGIUM - OPEN,130,111281.jpg
111890,PREMIUM BELGIUM OPEN GOLD HEART PRALINE HAZELNUT CARAMEL KG,BELGIUM - OPEN,130,111281.jpg
111894,PREMIUM BELGIUM OPEN YELLOW HEART PRALINE HAZELNUT CARAMEL KG,BELGIUM - OPEN,130,111281.jpg
111830,PREMIUM BELGIUM OPEN PURPLE HEART PRALINE HAZELNUT CARAMEL KG,BELGIUM - OPEN,130,111281.jpg
111286,PREMIUM BELGIUM OPEN WHITE TRIO HARMONY A HAZELNUT & CARAMEL KG,BELGIUM - OPEN,130,111286.jpg
111288,PREMIUM BELGIUM OPEN WHITE CHOCO SQUIRREL CHEESECAKE & STRAWBERRIES  & BISCUIT KG,BELGIUM - OPEN,130,111288.jpg
111289,PREMIUM BELGIUM OPEN BROWN CHOCO SQUIRREL CHEESECAKE & STRAWBERRIES  & BISCUIT KG,BELGIUM - OPEN,130,111289.jpg
111290,PREMIUM BELGIUM OPEN WHITE CHOCO SQUIRREL HAZELNUT NOUGAT & ALMONDS & CARAMEL KG,BELGIUM - OPEN,130,111290.jpg
111293,PREMIUM BELGIUM OPEN WHITE ANDALUSIA GIANDUJA & CARAMEL & CRISPY KG,BELGIUM - OPEN,130,111293.jpg
111294,PREMIUM BELGIUM OPEN WHITE CHOCO BRICK PRALINE SESAME & CARAMEL KG,BELGIUM - OPEN,130,111294.jpg
111295,PREMIUM BELGIUM OPEN WHITE HEART HAZELNUT GIANDUJA & ALMOND NUTS KG,BELGIUM - OPEN,130,111295.jpg
111296,PREMIUM BELGIUM OPEN WHITE SNOW HOUSE CHOCOLATE & NUTS & PISTACHIO KG,BELGIUM - OPEN,130,111296.jpg
111298,PREMIUM BELGIUM OPEN BROWN REGAL SQUARE PISTACHIO & MASTIC KG,BELGIUM - OPEN,130,111298.jpg
111299,"PREMIUM BELGIUM OPEN BROWN PARIS HAZELNUT PRALINE & HONEY, CARAMEL & HAZELNUTS & COFFEE KG",BELGIUM - OPEN,130,111299.jpg
111300,PREMIUM BELGIUM OPEN BROWN CHOCO MAP SAFFRON & PISTACHIO KG,BELGIUM - OPEN,130,111300.jpg
111301,PREMIUM BELGIUM OPEN BROWN TRIO HARMONY A HAZELNUT & CARAMEL KG,BELGIUM - OPEN,130,111301.jpg
111302,PREMIUM BELGIUM OPEN BROWN CHOCO TEAR GIANDUJA & CARAMEL & FEUILLETINE  & NUTS & HAZELNUTS KG,BELGIUM - OPEN,130,111302.jpg
111304,PREMIUM BELGIUM OPEN BROWN CHOCO BALL HAZELNUT PASTE KG,BELGIUM - OPEN,130,111304.jpg
111305,PREMIUM BELGIUM OPEN BROWN ANDALUSIA GIANDUJA & CARAMEL & CRISPY KG,BELGIUM - OPEN,130,111305.jpg
111307,PREMIUM BELGIUM OPEN BROWN CHOCO SQUIRREL COFFEE FILLING & CREAM KG,BELGIUM - OPEN,130,111307.jpg
111308,PREMIUM BELGIUM OPEN BROWN HEART HAZELNUT GIANDUJA & ALMOND NUTS KG,BELGIUM - OPEN,130,111308.jpg
111310,PREMIUM BELGIUM OPEN BROWN HEART PRALINE HAZELNUT CARAMEL KG,BELGIUM - OPEN,130,111310.jpg
111311,PREMIUM BELGIUM OPEN BROWN HAZELNUT CARAMEL KG,BELGIUM - OPEN,130,111311.jpg
111481,PREMIUM BELGIUM WRAPPED WHITE HAZELNUT CARAMEL KG,BELGIUM - WRAPPED,135,111311.jpg
111566,PREMIUM BELGIUM WRAPPED RED HAZELNUT CARAMEL KG,BELGIUM - WRAPPED,135,111311.jpg
111627,PREMIUM BELGIUM WRAPPED PINK HAZELNUT CARAMEL KG,BELGIUM - WRAPPED,135,111311.jpg
111687,PREMIUM BELGIUM WRAPPED GREEN HAZELNUT CARAMEL KG,BELGIUM - WRAPPED,135,111311.jpg
111280,PREMIUM BELGIUM OPEN WHITE HAZELNUT CARAMEL KG,BELGIUM - OPEN,130,111311.jpg
111831,PREMIUM BELGIUM OPEN RED HAZELNUT CARAMEL KG,BELGIUM - OPEN,130,111311.jpg
111895,PREMIUM BELGIUM OPEN PINK HAZELNUT CARAMEL KG,BELGIUM - OPEN,130,111311.jpg
111770,PREMIUM BELGIUM OPEN GREEN HAZELNUT CARAMEL KG,BELGIUM - OPEN,130,111311.jpg
111891,PREMIUM BELGIUM OPEN GOLD HAZELNUT CARAMEL KG,BELGIUM - OPEN,130,111311.jpg
111956,PREMIUM BELGIUM OPEN YELLOW HAZELNUT CARAMEL KG,BELGIUM - OPEN,130,111311.jpg
111330,PREMIUM BELGIUM OPEN WHITE CHOCO SQUIRREL COFFEE FILLING & CREAM KG,BELGIUM - OPEN,130,111330.jpg
111332,PREMIUM BELGIUM OPEN WHITE CHOCO SWIRL TRUFFLE & PISTACHIO NUTS KG,BELGIUM - OPEN,130,111332.jpg
111337,PREMIUM BELGIUM OPEN WHITE GOLDEN LINE HAZELNUT GIANDUJA & CARAMEL KG,BELGIUM - OPEN,130,111337.jpg
111338,PREMIUM BELGIUM OPEN WHITE GOLDEN LINE PEANUT & CARAMEL KG,BELGIUM - OPEN,130,111338.jpg
111340,PREMIUM BELGIUM OPEN WHITE HAZELNUT PRALINE & TRUFFLE & WHOLE HAZELNUT KG,BELGIUM - OPEN,130,111340.jpg
111352,PREMIUM BELGIUM OPEN WHITE PISTACHIO ROSE PISTACHIO ROSE KG,BELGIUM - OPEN,130,111352.jpg
111358,PREMIUM BELGIUM OPEN BROWN BLISS SQUARE GIANDUJA & CARAMEL & HAZELNUTS KG,BELGIUM - OPEN,130,111358.jpg
111361,PREMIUM BELGIUM OPEN BROWN CHOCO DOME CHEESECAKE & STRAWBERRIES KG,BELGIUM - OPEN,130,111361.jpg
111364,PREMIUM BELGIUM OPEN BROWN CHOCO MATRESS GIANDUJA & NUTS & FEUILLETINE KG,BELGIUM - OPEN,130,111364.jpg
111366,PREMIUM BELGIUM OPEN BROWN CHOCO PLAIN SQUARE PLAIN KG,BELGIUM - OPEN,130,111366.jpg
111367,PREMIUM BELGIUM OPEN BROWN CHOCO RING OREO BISCUIT FILLING KG,BELGIUM - OPEN,130,111367.jpg
111370,PREMIUM BELGIUM OPEN BROWN CHOCO SQUIRREL PLAIN & BELGIAN KG,BELGIUM - OPEN,130,111370.jpg
111371,PREMIUM BELGIUM OPEN BROWN CHOCO SWIRL TRUFFLE & PISTACHIO NUTS KG,BELGIUM - OPEN,130,111371.jpg
111374,PREMIUM BELGIUM OPEN BROWN DALLAH COFFEE KG,BELGIUM - OPEN,130,111374.jpg
111375,PREMIUM BELGIUM OPEN BROWN DIRHAM NUTELLA & HAZELNUTS KG,BELGIUM - OPEN,130,111375.jpg
111377,PREMIUM BELGIUM OPEN BROWN HAZEL CROWN NUTELLA & HAZELNUTS KG,BELGIUM - OPEN,130,111377.jpg
111378,PREMIUM BELGIUM OPEN BROWN HAZELNUT PRALINE & TRUFFLE & WHOLE HAZELNUT KG,BELGIUM - OPEN,130,111378.jpg
111380,PREMIUM BELGIUM OPEN BROWN LULU CUP CUP OF KIBANDER & LULU PIECE KG,BELGIUM - OPEN,130,111380.jpg
111392,PREMIUM BELGIUM OPEN BROWN ROYAL BAR FEUILLETINE BISCUIT & CHOCOLATE KG,BELGIUM - OPEN,130,111392.jpg
111393,PREMIUM BELGIUM OPEN BROWN ROYAL CARAMEL BAR  CARAMEL & CHOCOLATE KG,BELGIUM - OPEN,130,111393.jpg
111394,PREMIUM BELGIUM OPEN BROWN ROYAL SEAL NOUGAT & ALMONDS KG,BELGIUM - OPEN,130,111394.jpg
111463,PREMIUM BELGIUM WRAPPED BROWN CHOCO SQUIRREL COFFEE FILLING & CREAM KG,BELGIUM - WRAPPED,135,111463.jpg
111470,PREMIUM BELGIUM WRAPPED BROWN HEART PRALINE HAZELNUT CARAMEL KG,BELGIUM - WRAPPED,135,111470.jpg
111471,PREMIUM BELGIUM WRAPPED BROWN HAZELNUT CARAMEL KG,BELGIUM - WRAPPED,135,111471.jpg
111473,PREMIUM BELGIUM WRAPPED BROWN CORNFLAKES KG,BELGIUM - WRAPPED,135,111473.jpg
111480,PREMIUM BELGIUM WRAPPED WHITE CORNFLAKES KG,BELGIUM - WRAPPED,135,111473.jpg
111560,PREMIUM BELGIUM WRAPPED RED CORNFLAKES KG,BELGIUM - WRAPPED,135,111473.jpg
111621,PREMIUM BELGIUM WRAPPED PINK CORNFLAKES KG,BELGIUM - WRAPPED,135,111473.jpg
111681,PREMIUM BELGIUM WRAPPED GREEN CORNFLAKES KG,BELGIUM - WRAPPED,135,111473.jpg
111297,PREMIUM BELGIUM OPEN BROWN CORNFLAKES KG,BELGIUM - OPEN,130,111473.jpg
111958,PREMIUM BELGIUM OPEN WHITE CORNFLAKES KG,BELGIUM - OPEN,130,111473.jpg
111833,PREMIUM BELGIUM OPEN RED CORNFLAKES KG,BELGIUM - OPEN,130,111473.jpg
111897,PREMIUM BELGIUM OPEN PINK CORNFLAKES KG,BELGIUM - OPEN,130,111473.jpg
111772,PREMIUM BELGIUM OPEN GREEN CORNFLAKES KG,BELGIUM - OPEN,130,111473.jpg
111893,PREMIUM BELGIUM OPEN GOLD CORNFLAKES KG,BELGIUM - OPEN,130,111473.jpg
111853,PREMIUM BELGIUM OPEN GOLD DALLAH COFFEE KG,BELGIUM - OPEN,130,111853.jpg
111960,PREMIUM BELGIUM OPEN BROWN SNOW HOUSE CHOCOLATE & NUTS & PISTACHIO KG,BELGIUM - OPEN,130,111960.jpg
111963,PREMIUM BELGIUM WRAPPED WHITE CHOCOLATE SPOON PC,FINI- CHOCOLATE,3.19,111963.jpg
111970,PREMIUM BELGIUM OPEN BROWN BIG FLOWER PCS,BELGIUM - OPEN,130,111970.jpg
111971,PREMIUM BELGIUM OPEN BROWN DIRHAM NUTELLA & ALMOND KG,BELGIUM - OPEN,130,111971.jpg
112418,PREMIUM BELGIUM OPEN WHITE DIRHAM NUTELLA & ALMOND KG,BELGIUM - OPEN,130,111971.jpg
111972,PREMIUM BELGIUM OPEN BROWN HAZELNUT GIANDUJA COFFEE KG,BELGIUM - OPEN,130,111972.jpg
111973,PREMIUM BELGIUM OPEN BROWN HAZELNUT GIANDUJA HAZELNUT KG,BELGIUM - OPEN,130,111973.jpg
111974,PREMIUM BELGIUM OPEN BROWN HAZELNUT GIANDUJA KG,BELGIUM - OPEN,130,111974.jpg
111975,PREMIUM BELGIUM OPEN BROWN MUSHROOM JANDOYA ALMOND KG,BELGIUM - OPEN,130,111975.jpg
111976,PREMIUM BELGIUM OPEN BROWN NUTELLA CARAMEL KG,BELGIUM - OPEN,130,111976.jpg
111977,PREMIUM BELGIUM OPEN GOLD NUTELLA COFFEE MUG KG,BELGIUM - OPEN,130,111977.jpg
111979,PREMIUM BELGIUM OPEN RED ROSE-FLOWER KG,BELGIUM - OPEN,130,111979.jpg
112923,PREMIUM BELGIUM OPEN BROWN ROSE-FLOWER KG,BELGIUM - OPEN,130,111979.jpg
112924,PREMIUM BELGIUM OPEN WHITE ROSE-FLOWER KG,BELGIUM - OPEN,130,111979.jpg
112925,PREMIUM BELGIUM OPEN BLUE ROSE-FLOWER KG,BELGIUM - OPEN,130,111979.jpg
112928,PREMIUM BELGIUM OPEN PINK ROSE-FLOWER KG,BELGIUM - OPEN,130,111979.jpg
112929,PREMIUM BELGIUM OPEN GREEN ROSE-FLOWER KG,BELGIUM - OPEN,130,111979.jpg
112930,PREMIUM BELGIUM OPEN GOLD ROSE-FLOWER KG,BELGIUM - OPEN,130,111979.jpg
112931,PREMIUM BELGIUM OPEN YELLOW ROSE-FLOWER KG,BELGIUM - OPEN,130,111979.jpg
112932,PREMIUM BELGIUM OPEN PURPLE ROSE-FLOWER KG,BELGIUM - OPEN,130,111979.jpg
112933,PREMIUM BELGIUM OPEN GRAY ROSE-FLOWER KG,BELGIUM - OPEN,130,111979.jpg
112935,PREMIUM BELGIUM OPEN SILVER ROSE-FLOWER KG,BELGIUM - OPEN,130,111979.jpg
112936,PREMIUM BELGIUM OPEN MAROON ROSE-FLOWER KG,BELGIUM - OPEN,130,111979.jpg
113203,PREMIUM BELGIUM OPEN ORANGE ROSE-FLOWER KG,BELGIUM - OPEN,130,111979.jpg
111981,PREMIUM BELGIUM OPEN WHITE BLOCK PISTACHIO KG,BELGIUM - OPEN,130,111981.jpg
111982,PREMIUM BELGIUM OPEN WHITE CHOCO BRICK CARAMEL MOCHA HAZELNUT KG,BELGIUM - OPEN,130,111982.jpg
111983,PREMIUM BELGIUM OPEN WHITE CHOCO HAZELNUT NUTELLA KG,BELGIUM - OPEN,130,111983.jpg
113209,PREMIUM BELGIUM OPEN BROWN CHOCO HAZELNUT NUTELLA KG,BELGIUM - OPEN,130,111983.jpg
111984,PREMIUM BELGIUM OPEN WHITE CHOCO JANDOYA CARAMEL KG,BELGIUM - OPEN,130,111984.jpg
113208,PREMIUM BELGIUM OPEN BROWN CHOCO JANDOYA CARAMEL KG,BELGIUM - OPEN,130,111984.jpg
111985,PREMIUM BELGIUM OPEN WHITE HAZELNUT STRIPED KG,BELGIUM - OPEN,130,111985.jpg
111986,PREMIUM BELGIUM OPEN WHITE NOUGAT KG,BELGIUM - OPEN,130,111986.jpg
111987,PREMIUM BELGIUM OPEN WHITE RED ALMOND KG,BELGIUM - OPEN,130,111987.jpg
111988,PREMIUM BELGIUM OPEN WHITE ROUND HAZELNUT KG,BELGIUM - OPEN,130,111988.jpg
111989,PREMIUM BELGIUM OPEN WHITE WHITE ALMOND KG,BELGIUM - OPEN,130,111989.jpg
111990,PREMIUM BELGIUM OPEN WHITE-PURE CHOCO SQUIRREL COFFEE FILLING & CREAM KG,BELGIUM - OPEN,130,111990.jpg
111991,PREMIUM BELGIUM WRAPPED BROWN CHOCO PRALINE HAZELNUT CARAMEL KG,BELGIUM - WRAPPED,135,111991.jpg
111992,PREMIUM BELGIUM WRAPPED BROWN PISTACHIO KG,BELGIUM - WRAPPED,135,111992.jpg
113621,PREMIUM BELGIUM OPEN BROWN PISTACHIO KG,BELGIUM - OPEN,130,111992.jpg
111993,PREMIUM BELGIUM WRAPPED BROWN REGAL SQUARE ALMOND CREAM KG,BELGIUM - WRAPPED,135,111993.jpg
111994,PREMIUM BELGIUM WRAPPED BROWN REGAL SQUARE HAZELNUT CREAM KG,BELGIUM - WRAPPED,135,111994.jpg
112015,PREMIUM BELGIUM OPEN WHITE-PURE CHOCO SQUIRREL COFFEE FILLING & CREAM KG,BELGIUM - OPEN,130,112015.jpg
112212,PREMIUM BELGIUM WRAPPED BROWN RECT ALMOND,BELGIUM - WRAPPED,135,112212.png
112627,PREMIUM BELGIUM OPEN BROWN RECT ALMOND,BELGIUM - OPEN,130,112212.png
112628,PREMIUM BELGIUM OPEN WHITE RECT ALMOND,BELGIUM - OPEN,130,112212.png
112215,PREMIUM BELGIUM WRAPPED BROWN RECT EYE PRALINE HAZELNUT KG,BELGIUM - WRAPPED,135,112215.jpg
112629,PREMIUM BELGIUM OPEN BROWN RECT EYE PRALINE HAZELNUT KG,BELGIUM - OPEN,130,112215.jpg
112630,PREMIUM BELGIUM OPEN WHITE RECT EYE PRALINE HAZELNUT KG,BELGIUM - OPEN,130,112215.jpg
112219,PREMIUM BELGIUM WRAPPED BROWN MISTIKA KG,BELGIUM - WRAPPED,135,112219.png
112223,PREMIUM BELGIUM WRAPPED BROWN PISTACHIO RAHASH KG,BELGIUM - WRAPPED,135,112223.png
112255,PREMIUM BELGIUM WRAPPED BROWN ENG ALPHABETS GIANDUIA WITH HAZELNUT KG,BELGIUM - WRAPPED,135,112255.jpg
112259,PREMIUM BELGIUM WRAPPED BROWN CRISPY WITH WHITE CREAM KG,BELGIUM - WRAPPED,135,112259.jpg
112634,PREMIUM BELGIUM OPEN BROWN CRISPY WITH WHITE CREAM KG,BELGIUM - OPEN,130,112259.jpg
112286,PREMIUM BELGIUM OPEN BROWN TEAR PISTACHIO KG,BELGIUM - OPEN,130,112286.jpg
112562,PREMIUM BELGIUM OPEN GREEN TEAR PISTACHIO KG,BELGIUM - OPEN,130,112286.jpg
112288,PREMIUM BELGIUM OPEN GREEN PISTACHIO LUXE PISTACHIO KG,BELGIUM - OPEN,130,112288.jpg
112293,PREMIUM BELGIUM WRAPPED BROWN ZAFRAN KG,BELGIUM - WRAPPED,135,112293.jpg
112637,PREMIUM BELGIUM OPEN BROWN ZAFRAN KG,BELGIUM - OPEN,130,112293.jpg
112638,PREMIUM BELGIUM OPEN WHITE ZAFRAN KG,BELGIUM - OPEN,130,112293.jpg
112294,PREMIUM BELGIUM WRAPPED BROWN RECT EYE ALMOND KG,BELGIUM - WRAPPED,135,112294.png
112295,PREMIUM BELGIUM WRAPPED BROWN WAFER KG,BELGIUM - WRAPPED,135,112295.jpg
112338,PREMIUM BELGIUM WRAPPED BROWN PRALINE HAZWELNUT & TRUFFLE KG,BELGIUM - WRAPPED,135,112338.jpg
112641,PREMIUM BELGIUM OPEN BROWN PRALINE HAZWELNUT & TRUFFLE KG,BELGIUM - OPEN,130,112338.jpg
112642,PREMIUM BELGIUM OPEN WHITE PRALINE HAZWELNUT & TRUFFLE KG,BELGIUM - OPEN,130,112338.jpg
112339,PREMIUM BELGIUM OPEN YELLOW HAZELNUT WITH CREAM KG,BELGIUM - OPEN,130,112339.jpg
112344,PREMIUM BELGIUM OPEN GREEN PINK PISTACHIO NUTS WITH CREAM KG,BELGIUM - OPEN,130,112344.jpg
112346,PREMIUM BELGIUM OPEN PINK CARAMEL DARK HAZELNUT,BELGIUM - OPEN,130,112346.jpg
112363,PREMIUM BELGIUM OPEN GRAY RUBY PRISM GIANDUJA & CARAMEL KG,BELGIUM - OPEN,130,112363.jpg
112364,PREMIUM BELGIUM OPEN BROWN PISTACHIO WITH MISKEH KG,BELGIUM - OPEN,130,112364.jpg
112393,PREMIUM BELGIUM OPEN BROWN CHOCOLATE SPOON PC,FINI- CHOCOLATE,3.19,112393.jpg
112394,PREMIUM BELGIUM OPEN WHITE CHOCOLATE SPOON PC,FINI- CHOCOLATE,3.19,112394.jpg
112480,PREMIUM BELGIUM WRAPPED BROWN GOLDEN BISCUIT KG,BELGIUM - WRAPPED,135,112480.jpg
112484,PREMIUM BELGIUM OPEN PINK HAZELNUT WITH CREAM KG,BELGIUM - OPEN,130,112484.jpg
112485,PREMIUM BELGIUM OPEN BLUE CARAMEL ALMOND WITH GIANDUIA KG,BELGIUM - OPEN,130,112485.jpg
112486,PREMIUM BELGIUM OPEN WHITE CARAMEL ALMOND WITH HAZELNUT KG,BELGIUM - OPEN,130,112486.jpg
112487,PREMIUM BELGIUM OPEN RED CARAMEL SESAME KG,BELGIUM - OPEN,135,112487.jpg
112744,PREMIUM BELGIUM OPEN BROWN CARAMEL SESAME KG,BELGIUM - OPEN,135,112487.jpg
112488,PREMIUM BELGIUM OPEN GREEN/ORANGE NAUGAT CRICON KG,BELGIUM - OPEN,130,112488.jpg
112489,PREMIUM BELGIUM OPEN PINK LOTUS MIXED CHEESE CAKE WITH STRAWBERRY JAM KG,BELGIUM - OPEN,130,112489.jpg
112490,PREMIUM BELGIUM WRAPPED BROWN CHEESECAKE AND STRAWBERRY KG,BELGIUM - WRAPPED,135,112490.jpg
112643,PREMIUM BELGIUM OPEN BROWN CHEESECAKE AND STRAWBERRY KG,BELGIUM - OPEN,130,112490.jpg
112644,PREMIUM BELGIUM OPEN WHITE CHEESECAKE AND STRAWBERRY KG,BELGIUM - OPEN,130,112490.jpg
112497,PREMIUM BELGIUM WRAPPED BROWN OMAN CHIPS KG,BELGIUM - WRAPPED,135,112497.jpg
112645,PREMIUM BELGIUM OPEN BROWN OMAN CHIPS KG,BELGIUM - OPEN,130,112497.jpg
112646,PREMIUM BELGIUM OPEN WHITE OMAN CHIPS KG,BELGIUM - OPEN,130,112497.jpg
112530,PREMIUM BELGIUM OPEN PURPLE CARAMEL ALMOND WITH GIANDIA KG,BELGIUM - OPEN,130,112530.jpg
112531,PREMIUM BELGIUM WRAPPED WHITE WITH GOLD COMPOND COATING WITH HAZELNUT NOUGAT KG,BELGIUM - OPEN,135,112531.jpg
112533,PREMIUM BELGIUM WRAPPED BROWN SALTY CARAMEL WITH GIANDUIA FILLING,BELGIUM - WRAPPED,135,112533.jpg
112639,PREMIUM BELGIUM OPEN BROWN SALTY CARAMEL WITH GIANDUIA FILLING,BELGIUM - OPEN,130,112533.jpg
112640,PREMIUM BELGIUM OPEN WHITE SALTY CARAMEL WITH GIANDUIA FILLING,BELGIUM - OPEN,130,112533.jpg
112534,PREMIUM BELGIUM WRAPPED BROWN PEANUT CARAMEL WITH JANDOYA FILLING KG,BELGIUM - WRAPPED,135,112534.jpg
112647,PREMIUM BELGIUM OPEN BROWN PEANUT CARAMEL WITH JANDOYA FILLING KG,BELGIUM - OPEN,130,112534.jpg
112648,PREMIUM BELGIUM OPEN WHITE PEANUT CARAMEL WITH JANDOYA FILLING KG,BELGIUM - OPEN,130,112534.jpg
112544,PREMIUM BELGIUM OPEN GREEN CARAMEL WITH CREAM PISTACHIO AND CRISPY KG,BELGIUM - OPEN,130,112544.jpg
114117,PREMIUM BELGIUM OPEN WHITE CARAMEL WITH CREAM PISTACHIO AND CRISPY KG,BELGIUM - OPEN,130,112544.jpg
112566,PREMIUM BELGIUM OPEN PINK NUTS AND HAZELNUT CREAM KG,BELGIUM - OPEN,130,112566.jpg
112568,PREMIUM BELGIUM OPEN BROWN PISTACHIO NUTS CREAM KG,BELGIUM - OPEN,130,112568.jpg
112784,PREMIUM BELGIUM OPEN WHITE PISTACHIO NUTS CREAM KG,BELGIUM - OPEN,130,112568.jpg
112785,PREMIUM BELGIUM OPEN BLUE PISTACHIO NUTS CREAM KG,BELGIUM - OPEN,130,112568.jpg
112787,PREMIUM BELGIUM OPEN RED PISTACHIO NUTS CREAM KG,BELGIUM - OPEN,130,112568.jpg
112788,PREMIUM BELGIUM OPEN PINK PISTACHIO NUTS CREAM KG,BELGIUM - OPEN,130,112568.jpg
112789,PREMIUM BELGIUM OPEN GREEN PISTACHIO NUTS CREAM KG,BELGIUM - OPEN,130,112568.jpg
112790,PREMIUM BELGIUM OPEN GOLD PISTACHIO NUTS CREAM KG,BELGIUM - OPEN,130,112568.jpg
112791,PREMIUM BELGIUM OPEN YELLOW PISTACHIO NUTS CREAM KG,BELGIUM - OPEN,130,112568.jpg
112792,PREMIUM BELGIUM OPEN PURPLE PISTACHIO NUTS CREAM KG,BELGIUM - OPEN,130,112568.jpg
112699,PREMIUM BELGIUM OPEN GRAY PISTACHIO NUTS CREAM KG,BELGIUM - OPEN,130,112568.jpg
112793,PREMIUM BELGIUM OPEN SILVER PISTACHIO NUTS CREAM KG,BELGIUM - OPEN,130,112568.jpg
112861,PREMIUM BELGIUM OPEN MAROON PISTACHIO NUTS CREAM KG,BELGIUM - OPEN,130,112568.jpg
112570,PREMIUM BELGIUM OPEN PINK HAZELNUT NUTELLA KG,BELGIUM - OPEN,130,112570.jpg
112868,PREMIUM BELGIUM OPEN GRAY HAZELNUT NUTELLA KG,BELGIUM - OPEN,130,112570.jpg
112574,PREMIUM BELGIUM WRAPPED BROWN HAZELNUT CREAM WITH HAZELNUT NUTS KG,BELGIUM - WRAPPED,135,112574.jpg
112575,PREMIUM BELGIUM OPEN BROWN HAZELNUT CREAM WITH HAZELNUT NUTS KG,BELGIUM - OPEN,130,112574.jpg
112663,PREMIUM BELGIUM OPEN WHITE HAZELNUT CREAM WITH HAZELNUT NUTS KG,BELGIUM - OPEN,130,112574.jpg
112581,PREMIUM BELGIUM OPEN SESAME BROWN KG,BELGIUM - OPEN,130,112581.jpg
112584,PREMIUM BELGIUM OPEN WHITE PECAN COCONUT KG,BELGIUM - OPEN,130,112584.jpg
113223,PREMIUM BELGIUM WRAPPED BROWN PECAN COCONUT KG,BELGIUM - WRAPPED,135,112584.jpg
113297,PREMIUM BELGIUM WRAPPED WHITE PECAN COCONUT KG,BELGIUM - WRAPPED,135,112584.jpg
113298,PREMIUM BELGIUM WRAPPED GOLD PECAN COCONUT KG,BELGIUM - WRAPPED,135,112584.jpg
112586,PREMIUM BELGIUM OPEN GOLD PECAN COCONUT KG,BELGIUM - OPEN,130,112586.jpg
112589,PREMIUM BELGIUM OPEN WHITE LOTUS KG,BELGIUM - OPEN,130,112589.jpg
112590,PREMIUM BELGIUM OPEN BROWN PECAN  KG,BELGIUM - OPEN,130,112590.jpg
112597,PREMIUM BELGIUM WRAPPED BROWN COTTON CANDY KG,BELGIUM - WRAPPED,135,112597.jpg
112598,PREMIUM BELGIUM WRAPPED BROWN CRISPY RICE KG,BELGIUM - WRAPPED,135,112598.jpg
112599,PREMIUM BELGIUM WRAPPED BROWN GIANDUJA CARAMEL KG,BELGIUM - WRAPPED,135,112599.jpg
112600,PREMIUM BELGIUM WRAPPED BROWN GIANDUJA SUGAR HAZELNUT KG,BELGIUM - WRAPPED,135,112600.jpg
112601,PREMIUM BELGIUM OPEN BROWN HAZELNUT KG,BELGIUM - OPEN,130,112601.jpg
112602,PREMIUM BELGIUM WRAPPED BROWN NEW NOUGAT CARAMEL KG,BELGIUM - WRAPPED,135,112602.jpg
112604,PREMIUM BELGIUM WRAPPED BROWN NOUGAT TOWEL ALMOND KG,BELGIUM - WRAPPED,135,112604.jpg
112606,PREMIUM BELGIUM WRAPPED ROUND BROWN WAFER BISCUIT KG,BELGIUM - WRAPPED,135,112606.jpg
112607,PREMIUM BELGIUM WRAPPED BROWN PRALINE CARAMEL KG,BELGIUM - WRAPPED,135,112607.jpg
112608,PREMIUM BELGIUM WRAPPED BROWN PISTACHIO NUTS KG,BELGIUM - WRAPPED,135,112608.jpg
112609,PREMIUM BELGIUM WRAPPED BROWN PURE PISTACHIO MISKEH KG,BELGIUM - WRAPPED,135,112609.jpg
112611,PREMIUM BELGIUM OPEN BROWN PISTACHIO KG,BELGIUM - OPEN,130,112611.jpg
112612,PREMIUM BELGIUM WRAPPED BROWN NOUGAT WITH NUTELLA KG,BELGIUM - WRAPPED,135,112612.jpg
112613,PREMIUM BELGIUM WRAPPED BROWN KITKAT KG,BELGIUM - WRAPPED,135,112613.jpg
112614,PREMIUM BELGIUM WRAPPED BROWN FINGER CORNFLAKES KG,BELGIUM - WRAPPED,135,112614.jpg
112649,PREMIUM BELGIUM OPEN GOLD ALMOND KG,BELGIUM - OPEN,130,112649.jpg
113754,PREMIUM BELGIUM OPEN WHITE ALMOND KG,BELGIUM - OPEN,130,112649.jpg
112650,PREMIUM BELGIUM WRAPPED BROWN TOWEL ALMOND KG,BELGIUM - WRAPPED,135,112650.jpg
112651,PREMIUM BELGIUM WRAPPED BROWN WHITE BISCUIT PISTACHIO KG,BELGIUM - WRAPPED,135,112651.jpg
112664,PREMIUM BELGIUM WRAPPED DARK MINI EXTRA KG,BELGIUM - WRAPPED,160,112664.jpg
112665,PREMIUM BELGIUM OPEN WHITE NUTELLA HARD KG,BELGIUM - OPEN,130,112665.jpg
113755,PREMIUM BELGIUM OPEN BROWN NUTELLA HARD KG,BELGIUM - OPEN,130,112665.jpg
112666,PREMIUM BELGIUM OPEN WHITE CARAMEL WITH ALMOND KG,BELGIUM - OPEN,130,112666.jpg
112667,PREMIUM BELGIUM WRAPPED BROWN CHOCO SWIRL TRUFFLE & ALMOND NUTS KG,BELGIUM - WRAPPED,135,112667.png
112668,PREMIUM BELGIUM OPEN WHITE CARAMEL WITH PISTACHIO KG,BELGIUM - OPEN,130,112668.jpg
112669,PREMIUM BELGIUM OPEN BROWN MUSHROOM ALMOND NUT WITH NOUGA JANDOYA KG,BELGIUM - OPEN,130,112669.jpg
112670,PREMIUM BELGIUM OPEN WHITE MUSHROOM ALMOND NUT WITH NOUGA JANDOYA KG,BELGIUM - OPEN,130,112670.jpg
112671,PREMIUM BELGIUM OPEN BROWN STRIPE HAZELNUT KG,BELGIUM - OPEN,130,112671.jpg
113207,PREMIUM BELGIUM OPEN WHITE STRIPE HAZELNUT KG,BELGIUM - OPEN,130,112671.jpg
112673,PREMIUM BELGIUM OPEN BROWN ALMOND WITH JANDOYA KG,BELGIUM - OPEN,130,112673.jpg
112674,PREMIUM BELGIUM OPEN WHITE ALMOND WITH JANDOYA KG,BELGIUM - OPEN,130,112673.jpg
112675,PREMIUM BELGIUM OPEN GOLD ALMOND WITH JANDOYA KG,BELGIUM - OPEN,130,112675.jpg
112680,PREMIUM BELGIUM OPEN BROWN CARAMEL WITH PISTACHIO KG,BELGIUM - OPEN,130,112680.jpg
112681,PREMIUM BELGIUM OPEN WHITE ENG ALPHBETS ALMOND KG,BELGIUM - OPEN,130,112681.jpg
112687,PREMIUM BELGIUM OPEN WHITE ALMOND CARAMEL KG,BELGIUM - OPEN,130,112687.jpg
113753,PREMIUM BELGIUM OPEN BROWN ALMOND CARAMEL KG,BELGIUM - OPEN,130,112687.jpg
112688,PREMIUM BELGIUM OPEN BROWN ALMOND KG,BELGIUM - OPEN,130,112688.jpg
112689,PREMIUM BELGIUM OPEN BROWN PECAN KG,BELGIUM - OPEN,130,112689.jpg
112696,PREMIUM BELGIUM OPEN WHITE PISTACHIO NUTS WITH PISTACHIO CREAM KG,BELGIUM - OPEN,130,112696.jpg
112701,PREMIUM BELGIUM WRAPPED BROWN CHOCO DARK KUNAFA PISTACHIO KG,BELGIUM - WRAPPED,180,112701.jpg
112705,PREMIUM BELGIUM OPEN BROWN LINE HAZELNUT NUTELLA KG,BELGIUM - OPEN,130,112705.jpg
112733,PREMIUM BELGIUM OPEN BROWN PEACAN WITH COMPOUND COATING DARK CHOCOLATE KG,BELGIUM - OPEN,130,112733.jpg
112734,PREMIUM BELGIUM OPEN WHITE PEACAN WITH COMPOUND COATING DARK CHOCOLATE KG,BELGIUM - OPEN,130,112733.jpg
112735,PREMIUM BELGIUM OPEN BLUE PEACAN WITH COMPOUND COATING DARK CHOCOLATE KG,BELGIUM - OPEN,130,112733.jpg
112737,PREMIUM BELGIUM OPEN RED PEACAN WITH COMPOUND COATING DARK CHOCOLATE KG,BELGIUM - OPEN,130,112733.jpg
112738,PREMIUM BELGIUM OPEN PINK PEACAN WITH COMPOUND COATING DARK CHOCOLATE KG,BELGIUM - OPEN,130,112733.jpg
112739,PREMIUM BELGIUM OPEN GREEN PEACAN WITH COMPOUND COATING DARK CHOCOLATE KG,BELGIUM - OPEN,130,112733.jpg
112740,PREMIUM BELGIUM OPEN GOLD PEACAN WITH COMPOUND COATING DARK CHOCOLATE KG,BELGIUM - OPEN,130,112733.jpg
112741,PREMIUM BELGIUM OPEN YELLOW PEACAN WITH COMPOUND COATING DARK CHOCOLATE KG,BELGIUM - OPEN,130,112733.jpg
112742,PREMIUM BELGIUM OPEN PURPLE PEACAN WITH COMPOUND COATING DARK CHOCOLATE KG,BELGIUM - OPEN,130,112733.jpg
112743,PREMIUM BELGIUM OPEN SILVER PEACAN WITH COMPOUND COATING DARK CHOCOLATE KG,BELGIUM - OPEN,130,112733.jpg
113214,PREMIUM BELGIUM OPEN GREEN CARAMEL KG,BELGIUM - OPEN,130,113214.jpg
113216,PREMIUM BELGIUM OPEN GOLD DALLAH CARAMEL WITH PISTACHIO CREAM KG,BELGIUM - OPEN,130,113216.jpg
113224,PREMIUM BELGIUM WRAPPED BROWN SQUARE PISTACHIO WITH CHOCOLATE PRINT KG,BELGIUM - WRAPPED,170,113224.jpg
113225,PREMIUM BELGIUM WRAPPED WHITE SQUARE PISTACHIO WITH CHOCOLATE PRINT KG,BELGIUM - WRAPPED,170,113225.jpg
113226,PREMIUM BELGIUM WRAPPED BROWN SQUARE HAZELNUT WITH CHOCOLATE PRINT KG,BELGIUM - WRAPPED,170,113226.jpg
113227,PREMIUM BELGIUM WRAPPED WHITE SQUARE HAZELNUT WITH CHOCOLATE PRINT KG,BELGIUM - WRAPPED,170,113226.jpg
113228,PREMIUM BELGIUM WRAPPED BROWN SQUARE ALMOND WITH CHOCOLATE PRINT KG,BELGIUM - WRAPPED,170,113228.jpg
113229,PREMIUM BELGIUM WRAPPED WHITE SQUARE ALMOND WITH CHOCOLATE PRINT KG,BELGIUM - WRAPPED,170,113228.jpg
113230,PREMIUM BELGIUM WRAPPED BROWN SQUARE WAFER WITH CHOCOLATE PRINT KG,BELGIUM - WRAPPED,170,113230.jpg
113231,PREMIUM BELGIUM WRAPPED WHITE SQUARE WAFER WITH CHOCOLATE PRINT KG,BELGIUM - WRAPPED,170,113230.jpg
113232,PREMIUM BELGIUM WRAPPED BROWN SQUARE PLAIN WITH CHOCOLATE PRINT KG,BELGIUM - WRAPPED,170,113232.jpg
113233,PREMIUM BELGIUM WRAPPED WHITE SQUARE PLAIN WITH CHOCOLATE PRINT KG,BELGIUM - WRAPPED,170,113232.jpg
113240,PREMIUM BELGIUM WRAPPED BROWN ROUND DIRHAM PISTACHIO WITH CHOCOLATE PRINT KG,BELGIUM - WRAPPED,170,113240.jpg
113241,PREMIUM BELGIUM WRAPPED WHITE ROUND DIRHAM PISTACHIO WITH CHOCOLATE PRINT KG,BELGIUM - WRAPPED,170,113240.jpg
113242,PREMIUM BELGIUM WRAPPED BROWN ROUND DIRHAM HAZELNUT WITH CHOCOLATE PRINT KG,BELGIUM - WRAPPED,170,113242.jpg
113243,PREMIUM BELGIUM WRAPPED WHITE ROUND DIRHAM HAZELNUT WITH CHOCOLATE PRINT KG,BELGIUM - WRAPPED,170,113242.jpg
113250,PREMIUM BELGIUM WRAPPED BROWN NOUGAT WITH HAZELNUT NUTS KG,BELGIUM - WRAPPED,135,113250.jpg
113251,PREMIUM BELGIUM OPEN BROWN NOUGAT WITH HAZELNUT NUTS KG,BELGIUM - OPEN,130,113250.jpg
113252,PREMIUM BELGIUM OPEN WHITE NOUGAT WITH HAZELNUT NUTS KG,BELGIUM - OPEN,130,113250.jpg
113254,PREMIUM BELGIUM OPEN GOLD CORN HAZELNUT WITH JANDOYA KG,BELGIUM - OPEN,130,113254.jpg
113253,PREMIUM BELGIUM OPEN BROWN CORN HAZELNUT WITH JANDOYA KG,BELGIUM - OPEN,130,113254.jpg
113255,PREMIUM BELGIUM OPEN WHITE CORN HAZELNUT WITH JANDOYA KG,BELGIUM - OPEN,130,113254.jpg
113256,PREMIUM BELGIUM OPEN BROWN MOON CARAMEL WITH SESAME KG,BELGIUM - OPEN,130,113256.jpg
113257,PREMIUM BELGIUM OPEN WHITE MOON CARAMEL WITH SESAME KG,BELGIUM - OPEN,130,113256.jpg
113355,PREMIUM BELGIUM OPEN BLUE MOON CARAMEL WITH SESAME KG,BELGIUM - OPEN,130,113256.jpg
113356,PREMIUM BELGIUM OPEN PINK MOON CARAMEL WITH SESAME KG,BELGIUM - OPEN,130,113256.jpg
113357,PREMIUM BELGIUM OPEN GREEN MOON CARAMEL WITH SESAME KG,BELGIUM - OPEN,130,113256.jpg
113358,PREMIUM BELGIUM OPEN PURPLE MOON CARAMEL WITH SESAME KG,BELGIUM - OPEN,130,113256.jpg
113665,PREMIUM BELGIUM OPEN BRONZE MOON CARAMEL WITH SESAME KG,BELGIUM - OPEN,130,113256.jpg
113293,PREMIUM BELGIUM OPEN GREEN PISTACHIO WITH PISTACHIO CREAM KG,BELGIUM - OPEN,130,113293.jpg
113294,PREMIUM BELGIUM OPEN PINK HEART CARAMEL NUTS WITH PISTACHIO CREAM KG,BELGIUM - OPEN,130,113294.jpg
113295,PREMIUM BELGIUM OPEN ORANGE HAZELNUT WITH HAZELNUT CREAM KG,BELGIUM - OPEN,130,113295.jpg
113311,PREMIUM BELGIUM WRAPPED BROWN BABY TROLLEY ALMOND CHOCO PRINT KG,BELGIUM - WRAPPED,170,113311.jpg
113328,PREMIUM BELGIUM WRAPPED WHITE BABY TROLLEY ALMOND CHOCO PRINT KG,BELGIUM - WRAPPED,170,113311.jpg
113315,PREMIUM BELGIUM WRAPPED BROWN SQUARE AND HEART ALMOND CHOCO PRINT KG,BELGIUM - WRAPPED,170,113315.jpg
113332,PREMIUM BELGIUM WRAPPED WHITE SQUARE AND HEART ALMOND CHOCO PRINT KG,BELGIUM - WRAPPED,170,113315.jpg
113319,PREMIUM BELGIUM WRAPPED BROWN HEART ALMOND CHOCO PRINT KG,BELGIUM - WRAPPED,170,113319.jpg
113336,PREMIUM BELGIUM WRAPPED WHITE HEART ALMOND CHOCO PRINT KG,BELGIUM - WRAPPED,170,113319.jpg
113323,PREMIUM BELGIUM WRAPPED BROWN BABY DRESS ALMOND CHOCO PRINT KG,BELGIUM - WRAPPED,170,113323.jpg
113340,PREMIUM BELGIUM WRAPPED WHITE BABY DRESS ALMOND CHOCO PRINT KG,BELGIUM - WRAPPED,170,113323.jpg
113410,PREMIUM BELGIUM WRAPPED BROWN RAHASH KG,BELGIUM - WRAPPED,135,113410.jpg
113454,PREMIUM BELGIUM OPEN BROWN CUP ALMOND NUTELLA KG,BELGIUM - OPEN,135,113454.jpg
113475,PREMIUM BELGIUM OPEN PINK ROSE-FLOWER WITH ALMOND NOUGAT KG,BELGIUM - OPEN,130,113475.jpg
113477,PREMIUM BELGIUM OPEN BROWN ALMOND NOUGAT KG,BELGIUM - OPEN,130,113477.jpg
113478,PREMIUM BELGIUM OPEN RED HAZELNUT WITH HAZELNUT NUTS KG,BELGIUM - OPEN,130,113478.jpg
113508,PREMIUM BELGIUM OPEN BROWN DIRHAM PISTACHIO NUTS WITH JANDOYA KG,BELGIUM - OPEN,130,113508.jpg
113511,PREMIUM BELGIUM OPEN BROWN CUP LOTUS BISCUIT KG,BELGIUM - OPEN,135,113511.jpg
113515,PREMIUM BELGIUM OPEN GOLD MOON CARAMEL WITH SESAME KG,BELGIUM - OPEN,130,113515.jpg
113516,PREMIUM BELGIUM OPEN TIFFANY BLUE MOON CARAMEL WITH SESAME KG,BELGIUM - OPEN,130,113516.jpg
113524,PREMIUM BELGIUM OPEN PURE WHITE WITH DOTS WITH HAZELNUT NUTS CARAMEL NEW NOUGAT KG,BELGIUM - OPEN,130,113524.jpg
113525,PREMIUM BELGIUM OPEN TIFFANY BLUE WITH CARAMEL PISTACHIO RICE KG,BELGIUM - OPEN,130,113525.jpg
113526,PREMIUM BELGIUM OPEN PURPLE WITH DOTS GOLD STRAWBERRY CHEESECAKE LOTUS KG,BELGIUM - OPEN,130,113526.jpg
113527,PREMIUM BELGIUM OPEN GOLD CARAMEL DATES WITH CARDAMON KG,BELGIUM - OPEN,130,113527.jpg
113556,PREMIUM BELGIUM OPEN WHITE MOON CARAMEL WITH HAZELNUT CREAM KG,BELGIUM - OPEN,130,113556.jpg
113578,PREMIUM BELGIUM OPEN BROWN CARAMEL DATES WITH CARDAMON KG,BELGIUM - OPEN,130,113578.jpg
113579,PREMIUM BELGIUM OPEN RED MOON CARAMEL WITH SESAME KG,BELGIUM - OPEN,130,113579.jpg
113580,PREMIUM BELGIUM OPEN BLACK MOON CARAMEL WITH SESAME KG,BELGIUM - OPEN,130,113580.jpg
113592,PREMIUM BELGIUM OPEN WHITE WITH DOTS WITH HAZELNUT NUTS CARAMEL NEW NOUGAT KG,BELGIUM - OPEN,130,113592.jpg
113593,PREMIUM BELGIUM OPEN LIGHT BLUE WITH DOTS WITH HAZELNUT NUTS CARAMEL NEW NOUGAT KG,BELGIUM - OPEN,130,113593.jpg
113594,PREMIUM BELGIUM OPEN LIGHT GREEN CARAMEL PISTACHIO CREAM WITH RICE CRISPY KG,BELGIUM - OPEN,130,113594.jpg
114181,PREMIUM BELGIUM OPEN WHITE STRAWBERRY CHEESE CAKE WITH LOTUS KG,BELGIUM - OPEN,130,114181.jpg
114183,PREMIUM BELGIUM WRAPPED WHITE CARAMEL WITH LOTUS FILL KG,BELGIUM - WRAPPED,135,114183.jpg
114184,PREMIUM BELGIUM WRAPPED BROWN CARAMEL WITH LOTUS FILL KG,BELGIUM - WRAPPED,135,114183.jpg
114185,PREMIUM BELGIUM OPEN PURE WHITE LOTUS FILLING KG,BELGIUM - OPEN,135,114185.jpg
114186,PREMIUM BELGIUM OPEN BROWN LOTUS FILLING KG,BELGIUM - OPEN,135,114186.jpg
114191,PREMIUM BELGIUM OPEN BROWN MILK NUTELLA WITH KINDER AND ALMOND NUTS KG,BELGIUM - OPEN,130,114191.jpg
114199,PREMIUM BELGIUM OPEN BROWN CUP NUTELLA HAZELNUT KG,BELGIUM - OPEN,130,114199.jpg
114216,PREMIUM BELGIUM OPEN BROWN CARAMEL WITH GIANDUIA FILLING,BELGIUM - OPEN,130,114216.jpg
114217,PREMIUM BELGIUM OPEN GOLD CARAMEL WITH GIANDUIA FILLING,BELGIUM - OPEN,130,114216.jpg
114223,PREMIUM BELGIUM OPEN BROWN HAZELNUT FILLING KG,BELGIUM - OPEN,130,114223.jpg
114224,PREMIUM BELGIUM OPEN BROWN HAZELNUT CROQUANT KG,BELGIUM - OPEN,130,114224.jpg
